tokenized_text,lix_score
"['Men', 'det', 'var', 'det', 'ingen', 'i', 'S√∏r-Rogaland', 'som', 'fant', 'ut', 'f√∏r', 'den', 'var', 'over', '.', 'I', 'Rogaland', 'er', 'politiet', 'og', 'redningsmannskaper', 'vant', 'til', 'store', 'endringer', 'i', 'v√¶ret', '.', 'Tordenv√¶ret', 'har', 'v√¶rt', 'over', 'oss', 'flere', 'kvelder', ',', 'men', 'aldri', 's√•', 'voldsomt', 'som', 'i', 'dag', '.', 'Dagen', 'ble', 'kjennetegnet', 'av', 'kraftig', 'regn', ',', 'lyn', 'og', 'torden', '.', 'Fra', 'midnatt', 'og', 'fram', 'til', 'kl.', '12', 'i', 'dag', 'ble', 'det', 'registrert', '88 000', 'lyn', 'over', 'S√∏r-Rogaland', ',', 'alts√•', 'p√•', 'hele', 'Nord-J√¶ren', 'og', 'Dalane', '.', '7703', 'av', 'disse', 'slo', 'ned', 'p√•', 'landjorden', '.', 'S√•', 'ille', 'er', 'det', 'sjelden', '.', '‚Äî', 'Det', 'tordner', 'kanskje', 'to-tre', 'dager', 'i', 'uken', ',', 'men', 'hvor', 'ofte', 'det', 'lyn']",31.1342512908778
"['Det', 'var', 'ein', 'draum', 'som', 'gjekk', 'i', 'oppfylling', 'for', '39-√•ringen', 'da', 'han', 'flytta', 'flyvertinnekufferten', ',', 'og', 'sjekka', 'inn', 'til', 'det', 'som', 'for', 'han', 'er', 'ein', 'kjekk', 'jobb', '.', '39-√•ringen', 'som', 'har', 'budd', 'i', 'Stavanger', 'dei', 'siste', '12', '√•ra', ',', 'er', 'fr√•', 'Oslo', '.', 'Han', 'starta', 'i', 'SAS', 'i', '1998', ',', 'og', 'er', 'framleis', 'glad', 'for', '√•', 'kunne', 'ut√∏ve', 'yrket', '.', 'No', 'jobbar', 'han', 'som', 'flykaptein', ',', 'og', 'har', 'ansvaret', 'for', 'SAS', 'sine', 'flygningar', 'p√•', 'Vestlandet', '.', '39-√•ringen', 'er', 'eigentleg', 'ikkje', 'glad', 'i', '√•', 'vere', 'i', 'rampelyset', ',', 'men', 'stiller', 'meir', 'enn', 'gjerne', 'opp', 'n√•r', 'han', 'kan', 'l√∏fte', 'fram', 'den', 'staden', 'dei', 'fleste', 'i', 'dag', 'vil', 'heim', 'til', 'i', 'helgar', 'og', 'p√•', 'fr']",31.705882352941174
"['Det', 'var', 's√•', 'mye', '√•', 'gj√∏re', 'at', 'arbeidsgruppa', 'ikke', 'ble', 'ferdig', 'med', 'alt', 'de', 'hadde', 'planlagt', '.', 'M√∏tedeltagerne', 'skal', 'fortsette', '√•', 'arbeide', 'med', '√•', 'f√•', 'fortgang', 'i', 'arbeidet', 'med', '√•', 'f√•', 'lagt', '22.', '7.', '-', 'kommisjonens', 'konklusjoner', 'til', 'grunn', 'for', 'oppf√∏lgingen', 'av', 'konkrete', 'enkelttiltak', '.', 'De', 'har', 'ogs√•', 'nedsatt', 'en', 'ekspertgruppe', 'som', 'skal', 'foresl√•', 'hvilke', 'tiltak', 'som', 'b√∏r', 'prioriteres', '.', 'I', 'tillegg', 'arbeider', 'en', 'bredt', 'sammensatt', 'referansegruppe', 'med', '22.', 'juli-kommisjonens', 'rapport', 'og', 'anbefalinger', '.', 'Den', 'ser', 'p√•', 'forebyggende', 'beredskap', 'generelt', ',', 'sier', 'direkt√∏r', 'i', 'Direktoratet', 'for', 'samfunnss']",50.583333333333336
"['Ja', 'det', 'var', 'det', 'som', 'kjent', 'en', 'del', 'br√•k', 'om', 'p√•', '80-tallet', '.', 'Vi', 'som', 'sparte', 'p√•', 'den', 'gangen', 'vi', 'fikk', 'med', 'det', 'gratis', 'sammen', 'med', 'musikk-kassettene', 'v√•re', 'fikk', 'alts√•', 'bare', 'med', 'et', 'klistremerke', '.', 'N√•', 'kan', 'fansen', 'glede', 'seg', 'over', 'en', 'kopi', 'fra', 'EMI', '.', '24', 'oktober', 'kommer', 'den', 'ut', 'p√•', 'en', '12', '‚Ä≥', 'med', 'den', 'nedenst√•ende', 'tracklista', '.', '666', 'kopier', 'er', 'i', 'trygg', 'hos', 'en', 'eksklusiv', 'kundekrets', '.', 'Du', 'gj√∏r', 'vel', 'ikke', 'noe', 'nyttig', 'den', 'dagen', '?', '?', '1000', 'kroner', 'for', 'herligheten', '.', 'Den', 'utgaven', 'de', 'har', 'i', 'Trondheim', '(', 'R√•kk', ""'"", 'n', 'R√•lls', ')', 'kostet', 'bare', '300', ',', 'og', 's√¶r', 'som', 'jeg', 'er', 's√•', 'sto', 'jeg', 'i', 'k']",22.69924812030075
"['Ja', 'det', 'er', 'mye', '√•', 'gj√∏re', 'og', 's√•', 'mange', 'oppgaver', 'vi', 'm√•', 'gj√∏re', 'og', 'n√•r', 'man', 'ikke', 'har', 'tid', 'til', '√•', 'gj√∏re', 'alt', 'blir', 'man', 'syk', '‚Ä¶', '√Üsj', '.', 'Jeg', 'har', 'begynt', 'med', 'yoga', 'for', '√•', 'pr√∏ve', '√•', 'f√•', 'strekke', 'ryggen', 'min.', 'Det', 'hjelper', ',', 'men', 'det', 'er', 'ikke', 'nok', 'n√•r', 'man', 'har', 'vondt', 'p√•', 'alle', 'sider', 'og', 'har', 'knutte', 'muskler', 'over', 'alt.', 'Det', 'hadde', 'v√¶rt', 'supert', '√•', 'trene', 'med', 'en', 'personlig', 'trener', 'hjemme', '.', 'H√•per', '√•', 'f√•', 'til', 'det', 'etter', 'sykegympa', ',', 's√•nn', 'at', 'jeg', 'kan', 'f√•', 'litt', 'mer', 'enn', 'bare', 'hjemmetrening', '.', 'Jeg', 'har', 'vart', 'p√•', 'sj√∏en', 'noen', 'ganger', 'og', 'sv√∏mt', 'litt', ',', 'men', '√∏nsker', '√•', 'trene', 'mer', '‚Ä¶']",37.28787878787879
"['S√•', 'var', 'det', 'dags', 'for', '85', '√•r', 'gamle', 'Edith', '√•', 'ta', 'farvel', 'med', 'ettertrykk', '.', 'Utenfor', 'kirken', 'og', 'langs', 'veien', 'var', 'det', 'mange', 'som', 'ble', 'invitert', 'inn', '.', 'Edith', 'kj√∏rte', 'dem', 'hjem', 'med', 'egen', 'bil', ',', 'og', 'hun', 's√∏rget', 'for', 'at', 'de', 'kom', 'seg', 'p√•', 'b√•ten', 'for', 'hjemturen', '.', 'S√•', 'var', 'det', 'dags', 'for', 'etterp√•-selskap', 'med', 'mat', 'og', 'kaker', 'i', 'hjemmets', 'lune', 'favn', '.', '92', 'slektninger', 'og', 'venner', 'kunne', 'nyte', 'en', 'helt', 'spesiell', 'dag', '.', 'Hele', 'g√•rsdagen', 'stod', 'ogs√•', 'i', 'kj√¶rlighetens', '√•nd', '.', '-', 'Vi', 'm√•', 'ikke', 'glemme', 'kj√¶rligheten', '.', 'Du', 'og', 'du', 'som', 'vi', 'skal', 'feire', 'i', 'dag', '.', 'Vi', 'skal', 'minnes', 'alle', 'de', 'som', 'har', 'g√•tt', 'bort', ',', 'men', 'o']",23.47222222222222
"['Det', 'var', 'som', 'en', 'liten', 'dr√∏m', '√•', 'f√•', 'g√•', 'der', 'og', 'vite', 'at', 'jeg', 'ikke', 'skal', 'vende', 'tilbake', 'til', 'samme', 'sted', '.', 'Jeg', 'husker', 'fortsatt', 'en', 'dag', ',', 'en', 'av', 'de', 'siste', 'p√•', 'klinikken', '-', 'da', 'var', 'kroppen', 'min', 's√•', 'sliten', ',', 'og', 'jeg', 'hadde', 'bare', 'lyst', '√•', 'legge', 'meg', 'inn', 'p√•', 'et', 'eget', 'rom', ',', 'og', 'v√¶re', 'i', 'fred', ',', 'og', 'bli', 'hentet', 'av', 'familien', 'min.', 'Noen', 'uker', 'senere', 'kom', 'mamma', 'p√•', 'bes√∏k', '.', 'Jeg', 'sa', 'at', 'jeg', 'var', 'sliten', 'og', 'jeg', 'ville', 'legge', 'meg', 'p√•', 'en', 'madrass', 'p√•', 'gulvet', ',', 'og', 'hun', 'sa', 'at', 'vi', 'skulle', 'gj√∏re', 'det', '!', 'Og', 's√•', 'la', 'vi', 'oss', 'ned', '.', '40', 'timers', 'overtid', '?', 'Ikke', 'faen', '!']",23.962783171521036
"['Det', 'er', 'ikkje', 'til', '√•', 'stikke', 'under', 'stol', 'eller', 'under', 'senga', 'eller', 'under', 'm√∏blane', ',', 'at', 'dette', 'er', 'ei', 'flis', 'som', 'kostar', '.', '7.500', 'kroner', 'm√•', 'ein', 'ut', 'med', 'f√∏r', 'ein', 'i', 'det', 'heile', 'tatt', 'kan', 'setje', 'i', 'gang', 'med', 'spelinga', '.', 'Det', 'er', 'ikkje', 'usannsynleg', 'at', 'det', '√•', 'kj√∏pe', 'ein', 'Wii', 'fr√•', 'Elkj√∏p', 'kostar', 'rundt', 'den', 'same', 'summen', ',', 'men', 'd√•', 'er', 'Playstation', 'Portable', 'med', 'p√•', 'kj√∏pet', '.', '7.500', 'kr', 'for', 'Wii', '(', 'og', 'berre', 'Wii', ')', 'eller', '1.500', 'kr', 'for', 'Wii', 'Sports', 'med', 'utstyr', 'for', 'ein', 'skjerm', 'er', 'dei', 'to', 'mest', 'n√¶rliggande', 'alternativa', '.', 'Det', 'seier', 'seg', 'sj√∏lv', 'at', 'det', 'er', 'ein', 'del', '√•', 'betale', 'n√•r', 'ein', 'slengjer', 'p√•', 'dei', 'rundt', 'hundre', 'kronene', 'per', 'spel', 'eller']",29.954545454545453
"['Kor', 'mange', 'prosent', 'av', 'n√¶ringslivet', 'kan', 'seiast', '√•', 'ha', 'oppn√•dd', 'suksess', 'i', '2007', '?', 'Svaret', 'p√•', 'dette', 'er', 'f√∏rebels', 'ikkje', 'kjent', ',', 'men', 'det', 'blir', 'arbeidd', 'for', '√•', 'f√•', 'svaret', 'i', 'l√∏pet', 'av', '√•ret', '.', 'Kva', 'blir', 'gjort', 'for', '√•', 'stimulera', 'til', 'nyskaping', '?', 'I', 'St.prp', '.', 'nr.', '1', '(', '2006-2007', ')', 'N√¶rings-', 'og', 'handelsdepartementet', 'blir', 'det', 'gjort', 'greie', 'for', 'ein', 'nyskapingsplan', 'som', 'skal', 'gjelde', 'for', '2006-2008', '.', 'Planen', 'fokuserer', 'p√•', 'tiltak', 'for', 'utvikling', 'av', 'nyskapings-', 'og', 'kunnskapskultur', 'forankra', 'i', 'leiinga', 'og', 'blant', 'dei', 'tilsette', 'b√•de', 'i', 'bedrifter', 'og', 'h']",33.66666666666667
"['Det', 'er', 'veldig', 'vanskelig', '√•', 'finne', 'noe', 'negativt', 'ved', 'Jackpot', 'Knights', '.', 'Bortsett', 'fra', 'en', 'liten', 'irritasjon', 'med', '30', 'x', 'omsetningskrav', 'p√•', 'bonusen', 'og', 'at', 'man', 'm√•', 'sette', 'inn', 'relativt', 'mye', 'penger', 'for', '√•', 'f√•', 'hele', '100', '%', 'og', '100', 'gratisspinn', ',', 's√•', 'er', 'dette', 'et', 'meget', 'velgjort', 'casino', ',', 'som', 'kan', 'tilby', 'god', 'bredde', 'b√•de', 'i', 'spillutvalg', 'og', 'bonustype', '.', 'Velg', 'selv', 'om', 'bonusen', 'skal', 'gi', 'deg', 'mye', 'ekstra', 'penger', ',', 'eller', '‚Äú', 'bare', '‚Äù', 'masse', 'gratisspinn', '‚Äì', 'uansett', ',', 's√•', 'er', 'det', 'bra', '!', '10', 'gratisspinn', 'uten', '√•', 'gj√∏re', 'innskudd', 'er', 'et', 'lite', 'trekkplaster', ',', 'og', 'kan', 'v√¶re', 'avgj√∏rende', 'for', 'om', 'du', 'gidder', '√•', 'spille', 'p√•', 'et', 'casino', 'som', 'ell']",46.33333333333333
"['Det', 'er', 'ein', 'lys', 'sterkkrydra', 'vin', ',', 'nesten', 'ikkje', 'syre', 'men', 'veldig', 'mykje', 'bitterhet', '.', 'God', 'men', 'ikkje', 'fantastisk', ',', 'vart', 'det', 'sagt', '.', 'Eg', 'er', 'einig', '.', '2004', 'hadde', 'meir', 'syre', 'd√•', 'eg', 'smakte', '(', 'same', 'kvelden', ')', 'og', 'ein', 'del', 'mindre', 'bitterheit', '.', '2007', 'er', 'ikkje', 'drikkeklar', 'sj√∏lv', 'om', 'den', 'er', 'god', 'nok', 'no.', 'Ein', 'lett', 'ros√©vin', 'som', 'det', 'er', 'godt', '√•', 'drikke', 'sj√∏lv', 'n√•r', 'han', 'har', 'f√•tt', 'luft', 'i', '3-4', 'timar', '.', 'Det', 'g√•r', 'godt', 'an', '√•', 'leve', 'med', 'denne', 'vinen', '.', '2004', 'var', 'derimot', 'klart', 'syrlegare', 'enn', 'denne', ',', 'men', 'hadde', 'eit', 'hint', 'av', 'det', 'skogaktige', '.', 'Den', 'er', 'ung', 'og', 'sterk', ',', 'og', 'ein', 'tenkjer', 'g']",23.95024077046549
"['Det', 'er', 'eit', 'vilk√•r', 'for', 'rett', 'til', 'vokaloppl√¶ring', 'at', 's√∏kjaren', 'har', 'ein', 'sjukdom', 'eller', 'skade', ',', 'og', 'at', 'vedkommande', 'anten', '-', 'a', ')', 'ikkje', 'kan', 'nyttiggjere', 'seg', 'ordin√¶r', 'musikk-', 'og', 'kulturskole', ',', '-', 'b', ')', 'etter', '√•', 'ha', 'gjennomg√•tt', 'ordin√¶r', 'musikk-', 'og', 'kulturskole', 'har', 'behov', 'for', 'oppl√¶ring', 'av', 'lengre', 'varighet', ',', 'eller', '-', 'c', ')', 'har', 's√¶rlege', 'vanskar', 'med', '√•', 'delta', 'i', 'ordin√¶r', 'musikk-', 'og', '/', 'eller', 'kulturskoleaktivitet', '.', 'P√•', 'samme', 'm√•te', 'kan', 'vaksenoppl√¶ringa', 'tilby', 'eit', 'oppl√¶ringstilbod', 'i', 'grunnleggjande', 'dugleik', 'til', 'ein', 'person', 'som', 'ikkje', 'f√•r', 'tilstrekkeleg', 'utbytte', 'av', 'det', 'ordin√¶re', 'oppl√¶ringstilbodet']",90.75862068965517
"['Det', 'er', 'viktig', 'for', 'oss', 'at', 'de', 'som', '√∏nsker', '√•', 'v√¶re', 'med', 'i', 'prosessen', 'har', 'den', 'samme', 'oppfatningen', 'om', 'hvordan', 'sluttresultatet', 'skal', 'bli', '.', 'Vi', 'vil', 'derfor', 'informere', 'dere', 'om', 'hvilke', 'valgmuligheter', 'dere', 'har', ',', 'og', 'det', 'er', 'viktig', 'for', 'oss', 'at', 'dere', 'f√∏ler', 'at', 'dere', 'har', 'bestemt', 'utformingen', 'av', 'gravsteinen', 's√•', 'langt', 'det', 'er', 'mulig', '.', 'Det', 'er', 'gravminnet', ',', 'i', 'tillegg', 'til', 'gravsteinen', 'som', 'vi', 'er', 'ansvarlig', 'for', ',', 'som', 'skal', 'gi', 'dere', 'den', 'informasjonen', 'som', 'dere', 'trenger', '.', '√òkt', 'kundetilfredshet', 'er', 'viktig', 'for', 'oss', '.', 'Vi', 'vil', 'derfor', 'alltid', 'gjennomf√∏re', 'en', 'evaluering', 'etter', 'at', 'vi', 'har', 'v√¶rt', 'behjelpelig', 'med', 'utformingen', 'av', 'en', 'gravstein', '.', 'I', 'tillegg', 'har', 'vi', 'ansvarsfors']",41.012121212121215
"['Men', 'det', 'er', 'ikke', 'bare', '√∏konomiske', '√•rsaker', 'til', 'at', 'man', 'skal', 'velge', 'SMS', 'l√•n', 'fremfor', 'et', 'forbruksl√•n', '.', 'Det', 'skyldes', 'i', 'bunn', 'og', 'grunn', 'bare', 'at', 'forbruksl√•n', 'er', 'mye', 'vanskeligere', '√•', 'skaffe', 'seg', 'uten', 'sikkerhet', '.', 'Derfor', 'gj√∏r', 'det', 'ikke', 'noe', 'om', 'man', 'f√•r', 'avslag', 'p√•', '√•', 'f√•', 'l√•ne', 'en', 'stor', 'sum', '.', 'SMS', 'l√•n', 'har', 'ingen', 'krav', 'til', 'inntekt', ',', 'men', 'krever', 'at', 'man', 'har', 'en', 'BankID-brikke', '.', 'Til', 'syvende', 'og', 'sist', 'handler', 'det', 'bare', 'om', '√•', 'ha', 'tilgang', 'til', 'BankID', 'for', '√•', 'kunne', 'skaffe', 'norske', 'borgere', 'et', 'minil√•n', 'uten', 'sikkerhet', '2016.', 'L√•ngiverne', 'som', 'tilbyr', 'dette', 'har', 'sv√¶rt', 'lave', 'sikkerhetskrav', 'slik', 'at', 'det', 'skal', 'v']",31.625
"['Han', 'fortel', 'at', 'det', 'i', 'det', 'siste', 'har', 'vore', 'ein', 'del', 'meldingar', 'fr√•', 'folk', 'som', 'f√•r', 'innbrudd', 'i', 'bil', ',', 'eller', 'som', 'oppdagar', 'at', 'n√∏klane', 'til', 'bil', 'er', 'stolne', ',', 'medan', 'eigaren', 'er', 'inne', 'p√•', 'handlesenter', 'og', 'gjer', 'diverse', '√¶rend', 'p√•', 'andre', 'sida', 'av', 'vegen', '.', '-', 'Det', 'er', 'til', 'tider', 'litt', 'h√•plaust', 'for', 'politiet', '√•', 'ta', 'tak', 'i', 'slike', 'meldingar', ',', 'fortel', 'han', '.', 'Bjarne', 'Nordlund', 'veit', 'ikkje', 'tidspunktet', 'den', 'siste', 'innbrotstjuven', 'vart', 'teken', 'p√•', 'fersken', '.', 'Men', 'han', 'veit', 'at', 'det', 'er', 'eit', 'par', 'veker', 'sidan', 'han', 'blei', 'oppdaga', '.', '-', 'Det', 'han', 'gjorde', 'var', '√•', 'opne', 'opp', 'bilen', ',', 'i', 'fullt', 'dagsljos', ',', 'og', 's√•', 'sprang', 'han', ',', 'fortel', 'Bjarne', 'Nordlund', '.', '-', 'Det', 'er', 'uvisst', 'k']",37.06666666666666
"['Eg', 'har', 'ikkje', 's√•', 'mykje', 'imot', 'at', 'folk', 'g√•r', 'tur', '.', 'Eg', 'blir', 'sj√∏lv', 'korkje', 'v√•t', 'eller', 'sur', 'av', '√•', 'g√•', 'tur', ',', 'men', 'eg', 'g√•r', 'ikkje', 'tur', 'for', '√•', 'g√•', 'ein', 'tur', '.', 'Eg', 'g√•r', 'tur', 'n√•r', 'eg', 'm√•', 'g√•', 'ein', 'tur', ',', 'og', 'gjerne', 's√•', 'fort', 'som', 'mogeleg', '.', 'Eg', 'kjenner', 'ogs√•', 'til', 'mange', 'rastlause', 'personar', 'som', 'stadig', 'er', 'p√•', 'farten', '.', 'Det', 'er', 'noko', 'som', 'heiter', 'kronisk', 'rastlaus', '(', 'akkurat', 'som', '√•', 'vere', 'kroniskt', 'kriminell', ')', '.', 'Det', 'g√•r', 'ikkje', 'an', '√•', 'gjere', 'noko', 'med', 'det', '.', 'Sj√∏lv', 'om', 'eg', 'skulle', 'ha', 'fint', 'v√™r', 'p√•', 'nokon', 'av', 'mine', 'kanskje', 'sju', 'veker', 'lange', '(', 'og', 'tilsynelatande', 'late', ')', 'sommarferiar', ',', 's√•', 'vil', 'det', 'ikkje', 'seie', 'at', 'eg', 'er', 'ein']",24.583333333333336
"['Det', 'er', 'mykje', 'spanande', 'som', 'skjer', 'i', 'forskinga', 'mi', 'no', ',', 'sjekk', 'gjerne', 'ut', 'denne', 'omfattande', 'artikkelen', 'for', 'litt', 'overblikk', ':', 'https', ':', '/', '/', 't', '.', '‚Äî', 'Anne', 'Tj√∏nndal', '(', '@', 'AnneTjonndal', ')', '-', 'Eg', 'st√•r', 'for', 'det', 'som', 'eg', 'har', 'sagt', ',', 'eg', 'har', 'framleis', 'stor', 'tru', 'p√•', 'dette', 'i', 'framtida', '.', 'Men', 'eg', 'ser', 'at', 'det', 'ikkje', 'har', 'vore', 'ein', 'god', 'prosess', 'bak', 'dette', ',', 'og', 'det', 'er', 'kjipt', '.', 'Ein', 'ting', 'er', '√•', 'misse', 'tillit', 'til', 'prosjektet', ',', 'ein', 'annan', 'ting', 'er', 'mistillit', 'til', 'oss', 'som', 'akt√∏rar', 'i', 'det', 'akademiske', 'samfunnet', '.', '-', 'Han', 'sa', 'at', '¬´', 'eg', 'er', 'oppteken', 'av', 'at', 'idretten', 'har', 'tillit', ',', 'og', 'den', 'vekta', 'han', 'vil', 'eg', 'ikkje', 'b√¶ra', 'aleine', '.', 'At', 'han', 'har', 'tvilt', 'seg', 'fram', 'til', 'den', 'besl']",37.03168316831683
"['Vi', 'har', 'ikkje', 'noko', 'i', 'mot', 'folk', 'fr√•', 'Oslo', 'eller', 'B√¶rum', '.', 'Vi', '√∏nskjer', 'oss', 'ikkje', 'noko', 'liv', 'utan', 'dei', '.', 'Men', 'etter', 'denne', 'episoden', ',', 's√•', '√∏nskjer', 'vi', 'at', 'kringkastingssjefen', ',', 'Thor', 'Gjermund', 'Eriksen', ',', 'tek', 'grep', 'om', 'sine', 'journalistar', 'p√•', 'rikskringkastinga', '.', 'Mange', 'synest', 'kanskje', 'dette', 'er', '√•', 'overreagere', 'p√•', 'ei', 'lita', 'sak', '.', 'Tja', '.', 'Etter', 'tre-fire', 'gonger', 'med', 'eit', 'innslag', 'der', 'det', 'er', 'heilt', 'tydeleg', 'at', 'journalistane', 'ikkje', 'anar', 'kvar', 'dei', 'er', ',', 's√•', 'kjem', 'v√•r', 'overreaksjon', '.', 'Det', 'er', 'vanskeleg', '√•', 'forst√•', 'at', 'det', 'kan', 'skje', ',', 'at', 'ein', 'ikkje', 'har', 'kontroll', 'p√•', 'kvar', 'ein', 'er', ',', 'at', 'ein', 'skal', 'p√•', 'Dagsrevyen', '.', 'Her', 'var']",32.5187969924812
"['Ei', 'stund', 'etter', 'var', 'vi', 'p√•', 'veg', 'framover', '.', 'Vi', 'kikka', 'framover', 'kvar', 'i', 'sitt', 'tempo', ',', 'og', 'tok', 'oss', 'lang', 'tid', 'til', '√•', 'studere', 'landskapet', 'rundt', 'oss', 'langsetter', 'vegen', ',', 'og', 'vi', 'var', 'glade', 'for', 'at', 'vi', 'var', 'langt', 'utp√•', 'sommaren', 'f√∏r', 'vi', 'sette', 'i', 'gang', 'denne', 'turen', ',', 's√•', 'mykje', 'vakkert', 'som', 'det', 'var', '√•', 'sj√•', 'b√•de', 'i', 'vegkantane', ',', 'og', 'hjulspora', ',', 'og', 'oppe', 'i', 'lia', ',', 'og', 'denne', 'hausten', 'er', 'lang', ',', 's√•', 'det', 'er', 'nok', 'fleire', 'blomar', 'enda', 'vi', 'ikkje', 'ser', 'langs', 'vegen', 'fr√•', 'F√∏rde', '.', '\ufeff', '\ufeff', '\ufeff', '\ufeff', '\ufeff', 'Da', 'tida', 'kom', 'for', '√•', 'ta', 'til', 'venstre', 'mot', 'Angedalen', 'tok', 'vi', 'til', 'h√∏gre', 'opp', 'grusvegen', ',', 'sidan', 'vi', 'ikkje', 'visste', 'kor', 'smal', 'vegen', 'var', 'opp']",53.19512195121951
"['Hans', 'og', 'Knut', '‚Äì', '30', '√•r', 'etter', '-', 'TONO', 'Hans', 'og', 'Knut', '‚Äì', '30', '√•r', 'etter', '/', 'Hans', 'og', 'Knut', '‚Äì', '30', '√•r', 'etter', 'Ballonger', 'i', 'r√∏dt', ',', 'hvitt', 'og', 'bl√•tt', 'stiger', 'til', 'v√¶rs', '.', 'Korpskledde', 'l√¶rere', ',', 'bunadskledde', 'elever', 'og', 'stolte', 'foreldre', 'ser', 'ballongene', 'passere', 'over', 'dem', 'f√∏r', 'de', 'forsvinner', 'ut', 'av', 'klasserommet', '.', 'Det', 'er', '1989', 'og', 'de', 'fleste', 'skoleelever', 'i', 'Norge', 'har', 'akkurat', 'f√•tt', 'sin', 'karakterbok', '.', 'Ferske', 'karakterark', 'klistres', 'inn', 'i', 'permen', 'som', 'allerede', 'har', 'notater', 'og', 'bilder', 'fra', 'det', 'siste', '√•ret', '.', '1989', 'var', '√•ret', 'da', 'Hans', 'og', 'Knut', 'gikk', 'p√•', 'ungdomsskolen', 'og', 'norskl√¶rerne', 'deres', 'had']",38.73684210526316
"['Eg', 'veit', 'ikkje', 'eingong', 'om', 'karen', 'har', 'noko', 'med', 'denne', 'saka', '√•', 'gjere', '.', 'Eg', 'veit', 'heller', 'ikkje', 'kva', 'som', 'skjer', 'viss', 'ein', 'gir', 'dopenamnet', 'hans', 'til', 'NAV', ',', 'men', 'det', 'finst', 'd√•', 'andre', 'i', 'det', 'offentlege', ',', 'ikkje', 'berre', 'rettssystemet', ',', 'som', 'vil', 'sj√•', 'det', 'som', 'nyttig', '.', '√Ürleg', 'talt', ',', 'det', 'er', 'alt', 'ein', 'hund', 'etter', '.', '√Üre', ',', 'integritet', 'ja', ',', 'men', 'ein', 'hund', 'etter', '.', 'Ein', 'har', 'rett', 'og', 'slett', 'inga', 'ryggrad', '.', 'Den', 'gode', 'nyheita', 'er', 'at', 'eg', 'har', 'lova', 'kjerringa', 'i', 'l√∏ynd', 'at', 'dersom', 'eg', 'skal', 'ha', 'eit', '√∏nskje', 'for', 'min', 'eigen', 'd√∏d', ',', 's√•', 'skal', 'det', 'vere', ':', '¬´', 'Det', 'skjer', 'i', 'Noreg', '.', '√Üre', 'vere', 'den', 'mannen', 'som', 'har', 'spurt', 'om', 'det', 'som', 'ikkje']",24.414089347079038
"['No', 'er', 'det', 'lenge', 'sidan', 'eg', 'har', 'gjeve', 'ei', 'liten', 'oppdatering', 'her', ',', 'men', 'det', 'kjem', 'nok', 'ikkje', 'til', '√•', 'bli', 's√•', 'mykje', 'meir', 'aktivitet', 'her', 'p√•', 'bloggen', 'framover', '.', '19.', 'april', 'hadde', 'Aoeg', 'ikkje', 'meir', 'futt', 'i', 'seg', 'og', 'eg', 'm√•tte', 'avliva', 'henne', '.', '7', '1', '/', '2', '√•r', 'vart', 'det', 'i', 'lag', 'med', 'henne', ',', 'og', 'eg', 'har', 'ikkje', 'vore', 'utan', 'katt', 'sidan', 'eg', 'faktisk', 'fekk', 'ho', '.', 'Jula', 'i', '√•r', 'kom', 'litt', 'br√•tt', 'p√•', '.', 'M√•ndag', 'ettermiddag', 'sat', 'eg', 'og', 'saga', 'ved', 'for', 'andre', 'gong', 'dette', '√•ret', '...', 'Og', 'det', 'var', 'ikkje', 's√•', 'mykje', 'ved', 'heller', '...', 'Ein', 'god', 'del', 'av', 'den', 'f√∏rste', 'sn√∏en', 'lava', 'ned', 'i', 'ettermiddag', ',', 'men', 'den', 'vart', 'ikkje', 'liggande', '.', 'Eg']",29.139449541284407
"['Det', 'var', 'ei', 'glede', '√•', 'sj√•', 'kor', 'flinke', 'dei', 'fire', 'fr√•', 'klasse', '10', 'B', 'var', '.', 'D√•', 'dei', 'hadde', 'sunge', 'ferdig', 'sa', 'dei', 'klart', 'ifr√•', 'at', 'det', 'skulle', 'bli', 'meir', 'allsong', 'f√∏r', 'dei', 'var', 'ferdige', 'med', 'kvelden', ',', 'ei', 'melding', 'som', 'fekk', 'mykje', 'og', 'lang', 'applaus', 'fra', 'publikum', '.', 'F√∏r', 'allsongen', 'fekk', 'vi', 'stifte', 'n√¶rare', 'kjennskap', 'til', 'eit', 'menneske', 'som', 'ofte', 'har', 'eigne', 'allsongkveldar', ',', 'ei', 'allsidig', 'dame', 'med', 'stor', 'interesse', 'for', 'song', ',', 'kultur', ',', 'historie', 'og', 'kj√¶rleik', '.', '√òkland', 'kjenner', 'ogs√•', 'til', 'Fitjar', 'Fr√•', 'innsida', ',', 'og', 'har', 'vore', 'i', 'redaksjonen', 'der', '.', 'Ho', 'kjende', 'seg', 'att', 'og', 'var', 'glad', 'ho', 'ikkje', 'bur', 'der', 'lenger', '.']",36.946938775510205
"['No', 'var', 'det', 's√•', 'mykje', 'ein', 'hadde', '√•', 'seie', 'om', 'denne', 'saka', ',', 'at', 'ein', 'm√•tte', 'kome', 'att', 'med', 'meir', 'i', 'seinare', 'nummer', '.', '50', '√•r', '√òog', 'meir', '‚Äî', 'var', 'ikkje', 'det', 'ein', 'god', 'alder', '√•', 'sj√•', 'attende', 'p√•', '?', 'I', 'lengda', 'vert', 'det', 'iallfall', 'for', 'tung', 'vinna', '√•', 'leggja', 'fram', 'meir', 'slik', 'som', 'ein', 'st√•r', 'der', 'no', ',', 'n√•r', 'ein', 'skal', 'stikle', 'p√•', 'alt.', 'Men', 'ein', 'm√•', 'gjeva', 'ros', 'for', 'det', 'som', 'rosande', 'er', ',', 'for', 'det', 'som', 'er', 'gjort', '.', 'Eg', 'tenkjer', 'p√•', 'kvar', 'dei', 'gjekk', 'dei', 'karane', 'som', 'tok', 'til', 'i', 'slikt', 'nyland', 'som', 'vi', 'hadde', 'bryna', 'oss', 's√•', 'hardt', 'p√•', 'her', 'i', 'bygda', '.', 'Alle', 'som', 'har', 'vore', 'med', 'om', 'noko', '‚Äî', 'det', 'var', 'vel', 'ikkje', 's√•', 'mange', '‚Äî', ',', 'veit', 'visst', 'kor', 'vi', 'hadde', 'det', '.', '¬´', 'Ja']",28.001680672268908
"['S√•', 'var', 'det', 'p√•', ""'"", 'n', 'igjen', '‚Ä¶', 'Jeg', 'har', 'tatt', 'meg', 'i', 'det', 'tidligere', ',', 'men', 'det', 'er', 'som', 'en', 'sommerforkj√∏lelse', 'eller', 'den', 'f√∏rste', 'h√∏stforkj√∏lelsen', '.', 'Det', 'tar', 'ikke', 'lang', 'tid', 'f√∏r', 'den', 'gj√∏r', 'seg', 'gjeldende', '.', '‚ù§', 'Her', 'm√•', 'det', 'endring', 'til', 'og', 'det', 'litt', 'brennkvikt', '!', 'üòÄ', 'Med', 'et', 'lavt', 'energiniv√•', 's√•', 'sier', 'det', 'vel', 'seg', 'selv', 'at', 'kreativiteten', 'ikke', 'har', 'v√¶rt', 'overveldende', '.', 'Men', 'jeg', 'kan', 'si', 's√•pass', 'at', 'jeg', 'har', 'kreert', 'et', 'fint', 'lite', 'hus', 'üòâ', 'Ikke', 'fordi', 'vi', 'mangler', 'et', 'i', 'HeidisHus', ',', 'men', 'vi', 'har', 'et', 'stort', 'hundebein', 'av', 'et', 'bord', 'liggende', 'p√•', 'stuegulvet', 'til', 'enhver', 'tid', '.', 'Og', 'n√•r', 'man', 'nok', 'en', 'gang', 'st√•r', 'og', 'b√∏yer', 'seg', 'og', 'pl']",33.65376344086022
"['Men', 'best', 'som', 'vi', 'trodde', 'at', 'l√∏pet', 'var', 'kj√∏rt', ',', 's√•', 'dukket', 'det', 'faktisk', 'opp', 'nok', 'en', 'skil√∏per', 'som', 'hadde', 'lyst', 'p√•', 'spurtprisen', '.', 'Thomas', 'Rustad', 'hadde', 'ikke', 'tenkt', '√•', 'gi', 'seg', 'med', 'det', '.', 'Og', 'jeg', 'skj√∏nner', 'ham', 'godt', '.', 'Det', 'var', 'en', 'sv√¶rt', 'lystig', 'gjeng', 'som', 'fikk', 'vann', 'og', 'saft', 'etter', 'innlagte', 'premieutdelinger', 'der', 'oppe', 'p√•', 'Rauland', '.', 'P√•', 'vei', 'ned', 'fra', 'fjellet', 'og', 'p√•', 'hjemvei', 'mot', '√Ömot', 'm√•tte', 'jeg', 'stoppe', 'litt', 'p√•', 'fjellet', 'for', '√•', 'f√•', 'med', 'soloppgangen', 'som', 'jeg', 'hadde', 'sett', 's√•', 'vidt', 'p√•', 'vei', 'opp', 'mot', 'fjellet', '.', 'Det', 'ble', 'et', 'stemningsfullt']",31.19310344827586
"['Dagen', 'etter', 'var', 'hun', 'ikke', 'p√•', 'jobb', 'da', 'hun', 'var', 'syk', '.', '7.', 'september', 'har', 'han', 'fri', 'og', 'de', 'er', 'sammen', 'igjen', 'klokken', '15', '.', 'Kvinnen', 'har', 'ikke', 'h√∏rt', 'noe', 'fra', 'ham', 'siden', '.', 'Hun', 'tok', 'en', 'del', 'telefoner', 'til', 'ham', 'og', 'til', 'venner', ',', 'men', 'han', 'svarte', 'ikke', '.', '11.', 'september', 'anmeldte', 'han', 'forholdet', '.', 'En', 'torsdag', '17.', 'september', 'dukker', 'politiet', 'opp', '.', 'Kvinnens', 'eks-samboer', 'var', 'p√•grepet', 'og', 'siktet', 'for', 'vold', 'i', 'n√¶re', 'relasjoner', '.', 'Politiet', 'vil', 'at', 'hun', 'blir', 'med', 'p√•', 'avh√∏r', ',', 'og', 'det', 'er', 'dette', 'hun', 'er', 'n√•', 'siktet', 'for', '.', 'Det', 'er', 'dette', 'hun', 'mener', 'at', 'politiet', 'har', 'gjort', 'mot', 'henne', '.', '¬´', 'Hele', 'min', 'verden', 'raser', 'sammen', '.', '¬ª', ',', '¬´', 'jeg', 'har', 'behov', 'for', 'st√∏tte']",25.941584158415843
"['Det', 'var', 'godt', 'at', 'lys', 'ble', 'skapt', '.', '-', 'Det', 'er', 'godt', 'at', 'man', 'ikke', 'm√•tte', 'skifte', 'lysp√¶rer', 'i', 'alle', 'lampene', 'i', 'huset', 'den', 'gangen', 'man', 'ville', 'heve', 'stemningen', '.', 'Det', 'var', 'godt', 'at', 'enkle', 'vegglamper', 'ble', 'oppfunnet', ',', 'og', 'at', 'ledninger', 'kunne', 'trekkes', 'over', 'og', 'under', 'bord', '.', 'Det', 'var', 'godt', 'at', 'det', 'ble', 'utviklet', 'batteridrevne', 'og', 'tr√•dl√∏se', 'belysningsprodukter', 'og', 'enkle', 'opphengsprodukter', '.', 'Det', 'er', 'ogs√•', 'godt', 'at', 'vi', 'har', 'f√•tt', 'gode', 'vekstlamper', 'som', 'gj√∏r', 'at', 'vi', 'kan', 'nyte', 'v√•re', 'inneplanter', 'og', 'blomster', 'p√•', 'lik', 'linje', 'med', 'dem', 'ute', '.', 'Gjennom', '√•rene', 'har', 'vi', 'sett', 'mange', 'innovasjoner', 'som', 'har', 'v√¶rt', 'tungvinte', ',', 'men', 'med', 'muligheter', 'for', '√•', 'heve', 'den', 'generelle']",34.65714285714286
"['Det', 'har', 'vore', 'ein', 'liten', 'nedgang', 'i', 'talet', 'p√•', 'arbeidsledige', 'personar', 'fr√•', '2014', 'til', '2015', '.', 'Likevel', 'er', 'det', 'no', 'fleire', 'kvinner', ',', 'fleire', 'under', '35', '√•r', 'og', 'fleire', 'innvandrar', 'blant', 'dei', 'ledige', '.', 'Det', 'er', 'ein', 'nedgang', 'i', 'talet', 'p√•', 'heilt', 'ledige', 'p√•', '4 200', 'personar', 'fr√•', 'desember', '2014', 'til', 'desember', '2015', '.', 'Tala', 'held', 'fram', 'med', '√•', 'minske', 'mest', 'innan', 'bygg-', 'og', 'anleggsyrker', 'og', 'industriyrker', '.', 'Det', 'er', 'registrert', 'ein', 'klar', 'auke', 'i', 'talet', 'p√•', 'delvis', 'sysselsette', 'arbeidss√∏kjarar', 'denne', 'm√•naden', '.', 'Talet', 'p√•', 'tiltaksdeltakarar', 'minkar', 'med', '700', 'fr√•', 'desember', '2014', 'til', 'desember', '201']",36.25263157894737
"['Det', 'er', 'eit', 'm√•l', '√•', 'betre', 'folkehelsa', 'med', 'meir', 'fysisk', 'aktivitet', 'og', 'f√∏rebygge', 'livsstilssjukdomar', '.', 'Kva', 'med', 'ei', 'treningsreise', 'til', 'Spania', '?', 'Helsedirektoratet', 'st√∏tter', 'no', 'frivillige', 'organisasjonar', 'som', '√∏nsker', '√•', 'lage', 'trenings-', 'og', 'lavterskelaktivitetar', 'for', 'ungdom', 'og', 'vaksne', 'med', 'spesielt', 'vekt', 'p√•', 'de', 'som', 'er', 'lite', 'aktive', '.', 'Treningane', 'b√∏r', 'vare', 'i', 'minst', 'tre', '√•r', 'og', 'skal', 'ha', 'variert', 'aktivitetstilbod', '.', 'M√•let', 'er', '√•', 'f√•', 'fram', 'l√•ge', 'tersklar', '/', 'l√•gterskeltilbod', 'og', 'gjerne', 'tett', 'opp', 'mot', 'ordin√¶rt', 'idrettstilbod', '.', 'Prosjekta', 'm√•', 'st√∏tte', 'opp', 'om', 'm√•la', 'i', 'handlingsplanen']",40.78888888888889
"['Det', 'er', 'jo', 'i', 'l√∏pet', 'av', 'natta', 'voldtektene', 'skjer', '.', 'Politikere', 'flest', 'kommer', 'slentrende', 'utp√•', 'dagen', ',', 'n√•r', 'det', 'lukter', 'kaffe', 'i', 'Stortingslokalet', ',', 'og', 'mener', 'ingenting', 'om', 'voldtekter', '.', 'Eller', 'n√¶rmere', 'midnatt', 'i', 'beste', 'sendetid', 'p√•', 'TV', ',', 'n√•r', 'de', 'skal', 'gj√∏re', 'seg', 'lekre', 'for', 'velgerne', '.', 'Vi', 'er', 'alle', 'ansvarlige', 'for', 'voldtektene', 'i', 'eget', 'hus', ',', 'p√•', 'arbeidsplassen', ',', 'i', 'venners', 'lag', ',', 'i', 'nabolaget', '.', 'Derfor', 'handler', 'det', 'om', 'holdninger', '.', 'Og', 'endring', 'av', 'holdninger', 'er', 'en', 'slitsom', 'aff√¶re', ',', 'som', 'm√•', 'foreg√•', 'p√•', 'de', 'fleste', 'plan', '.', 'Det', 'handler', 'om', 'at', 'ogs√•', 'menn', 'm√•', 'tenke', 'seg', 'om', ',', 'og', 'gj√∏re', 'de', 'n√∏dvendige', 'grepene', 'som', 'm√•', 'til', '.']",37.672619047619044
"['N√•r', 'det', 'gjeld', 'opplysningane', 'i', 'det', 'heftet', 'du', 'og', 'andre', 'har', 'sett', 'deg', 'i', 'f√∏rehand', ',', 'er', 'desse', 'bygde', 'm.a.', 'p√•', 'meldingar', 'fr√•', 'politi', 'og', 'lensmenn', '.', 'Sidan', 'kontaktutvalet', 'f√∏rer', 'til', 'at', 'folk', 'som', 'kan', 'gi', 'slike', 'meldingar', 'sjeldnare', 'enn', 'f√∏r', 'm√∏tes', ',', 'ligg', 'nok', 'mye', 'av', 'l√∏ysinga', 'p√•', 'desse', 'problema', 'i', '√•', 'f√•', 'til', 'betre', 'kontakt', 'mellom', 'politiet', '-', 'og', 'mellom', 'politiet', 'og', 'dei', 'andre', '""', 'medspelerane', '""', 'i', 'kampen', 'mot', 'kriminaliteten', '.', 'Den', '""', 'gr√•', '√∏konomien', '""', 'utgjer', 'ein', 'stadig', 'meir', 'alvorleg', 'trussel', 'mot', 'det', 'offentlege', 'samfunn', '.', 'Den', 'vurderinga', 'av', 'risikoen', 'som', 'ligg', 'til', 'grunn', 'for', 'kontrollaksjonar', 'p√•', 'dette', 'omr√•det', 'er']",50.41666666666667
"['I', 'tillegg', 'til', 'skogfondsutbetalinger', 'finnes', 'det', 'en', 'rekke', 'andre', 'tilskuddsordninger', 'i', 'jord-', 'og', 'skogbruket', '.', 'Her', 'er', 'en', 'oversikt', 'over', 'noen', 'av', 'de', 'som', 'gjelder', 'skogbruk', '.', 'Lista', 'er', 'ikke', 'utt√∏mmende', '.', 'Har', 'du', 'sp√∏rsm√•l', 'om', 'forskjellige', 'tilskuddsordninger', 'm√•', 'du', 'gjerne', 'kontakte', 'oss', '.', 'Vilk√•r', 'for', 's√∏knad', ':', 'S√∏ker', 'm√•', 'ha', 'utf√∏rt', 'tiltak', '/', 'prosjekt', 'som', 'er', 'godkjent', 'i', 'samsvar', 'med', 'bestemmelsene', 'for', 'tilskuddsordningen', '.', 'S√∏ker', 'm√•', 'disponere', 'arealet', 'hvor', 'arbeidet', 'er', 'utf√∏rt', '.', 'S√∏knaden', 'skal', 'skrives', 'p√•', 's√∏knadskjema', 'for', 'aktuelle', 'ordning', ',', 'og', 'den', 'skal', 'sendes', 'til', 'kommunen', '.', 'S']",43.670194003527335
"['Men', 'det', 'er', 'ikke', 'alt.', 'Utsira-h√∏yden', 'er', 'et', 'h√∏ydeniv√•', 'som', 'ligger', '204', 'meter', 'over', 'havet', '.', 'Det', 'er', 'fylt', 'av', 'en', 'rekke', 'store', 'og', 'sm√•', 'h√∏yder', ',', 'de', 'fleste', 'av', 'dem', 'i', 'overkant', 'av', '12', 'meter', 'over', 'omkringliggende', 'terreng', '.', 'I', 's√∏r', 'er', 'det', 'flere', ',', 'og', 'de', 'st√∏rste', 'av', 'disse', 'heter', 'Utsirahaugen', 'og', 'Utsiraknausen', ',', 'st√•r', 'det', 'i', 'stedsnavnboka', '.', 'Knausen', 'er', 's√•', 'vidt', 'stor', 'at', 'man', 'kan', 'kj√∏re', 'opp', 'p√•', 'den', ',', 'mens', 'haugen', 'g√•r', 'helt', 'over', 'veien', 'for', 'man', 'kan', 'fortsette', 'mot', 'nord', '.', 'P√•', 'Utsirahaugen', 'har', 'Fyrvesenet', 'satt', 'opp', 'et', 'stort', 'fyr', 'som', 'du', 'kan', 'se', 'p√•', '14', 'mils', 'avstand', '.']",33.78333333333333
"['I', 'dag', 'er', 'det', 'rundt', '200 000', 'funksjonshemmede', 'i', 'arbeidsf√∏r', 'alder', 'som', 'er', 'helt', 'utenfor', 'arbeidslivet', 'mot', '6', 'prosent', 'i', 'befolkningen', '.', 'Hvorfor', 'utnyttes', 'ikke', 'denne', 'ressursen', 'bedre', '?', 'P√•', 'oppdrag', 'fra', 'Norges', 'Handikapforbund', 'har', 'H√∏rselshemmedes', 'Landsforbund', 'og', 'Norsk', 'Forbund', 'for', 'Utviklingshemmede', 'sett', 'n√¶rmere', 'p√•', 'dette', '.', 'De', 'mener', 'det', 'er', 'mulig', '√•', 'f√•', 'langt', 'flere', 'funksjonshemmede', 'inn', 'i', 'arbeidslivet', 'enn', 'i', 'dag', ',', 'til', 'tross', 'for', 'at', 'dette', 'krever', 'mer', 'offentlig', 'satsing', 'p√•', 'inkludering', '.', 'Forbundene', 'har', 'laget', 'ti', 'konkrete', 'kj√∏reregler', 'som', 'kommuner', ',', 'statlige', 'etater', ',', 'n√¶ringsliv', 'og']",48.92857142857143
"['Vi', 'har', 'f√•tt', 'med', 'oss', 'spennende', 'foredragsholdere', 'fra', 'Norge', 'og', 'Sverige', '.', 'Foredragene', 'vil', 'ta', 'for', 'seg', 'blant', 'annet', 'jakt', 'p√•', 'rovvilt', ',', 'predatorjakt', 'med', 'hund', ',', 'nyheter', 'fra', 'forskning', 'og', 'forvaltning', ',', 'bruk', 'av', 'drone', 'i', 'arbeid', 'og', 'p√•', 'jakt', 'samt', 'bruk', 'av', 'GIS', 'som', 'hjelpemiddel', 'under', 'planlegging', 'og', 'under', 'jakt', '.', '4', 'spennende', 'foredrag', 'som', 'vi', 'h√•per', 'vil', 'gi', 'flere', 'gode', 'tips', 'til', 'hvordan', 'vi', 'kan', 'f√•', 'en', 'bedre', 'jaktdag', '.', '√òya', 'har', 'fine', 'overnattingsmuligheter', ',', 'og', 'vi', 'satser', 'ogs√•', 'p√•', 'fagkurs', 'underveis', '.', '√òya', 'er', 'et', 'flott', 'utgangspunkt', 'for', 'andre', 'aktiviteter', 'enn', 'det', 'faglige', ',', 'og', 'vi', 'satser', 'blant', 'annet', 'p√•', 'felles', 'middag', 'og']",42.57692307692308
"['Eg', 'synest', 'det', 'er', 'eit', 'overgrep', 'n√•r', 'ein', 'pr√∏ver', 'p√•', '√•', 'p√•dytta', 'sine', 'eigne', 'verdiar', 'p√•', 'andre', '.', 'Det', 'er', 'det', 'som', 'ligg', 'bak', 'n√•r', 'ein', 'pr√∏ver', '√•', 'tvinga', 'fleirtalet', 'til', '√•', 'ta', 'ut', 'meir', 'pappaperm', '.', 'Eg', 'h√•par', 'at', 'fleirtalet', 'respekterer', 'at', 'folk', 'gjer', 'ulike', 'val', 'i', 'livet', 'sitt', '.', '85', 'prosent', 'av', 'menn', 'tek', 'full', 'pappaperm', 'i', 'dag', '.', 'Dei', 'som', 'ikkje', 'gjer', 'det', 'er', 'dei', 'same', 'mennene', 'som', 'st√•r', 'n√¶rast', 'til', '√•', 'ta', 'heimeverns√∏vingane', 'n√•r', 'dei', 'kjem', '.', 'Dei', 'er', 'i', 'dei', 'lokale', 'HV-troppene', 'dei', 'fleste', ',', 'og', 'der', 'vert', 'dei', 'sikkert', 'sette', 'til', 'noko', 'liknande', 'som', 'dei', 'gjer', 'i', 'dette', 'heimvernet', ',', 'sytte', 'for', '√•', 'f√•', '√∏vd', 'og', 'trent']",29.673684210526314
"['Matrikkelframlegget', '1863', 'seier', 'at', 'bruket', 'er', 'ei', 'halv', 'mil', 'fr√•', 'sj√∏en', ',', 'og', 'g√•r', 'fr√•', 'Sveine', 'til', 'N√•dn√•', '.', 'Dessutan', 'at', 'det', 'er', 'to', 'bruk', 'med', 'ei', 'skyld', 'p√•', 'eitt', 'lispund', ',', 'og', 'det', 'er', 'eitt', 'bruk', '.', 'Folketalet', 'var', '13.', '17', 'personar', 'budde', 'i', 'huset', ',', 'og', '6', 'i', 'uthuset', '.', 'Ein', 'hadde', '2', 'hestar', ',', '8', 'kyr', ',', '6', 'ungfe', ',', '7', 'sauer', ',', '3', 'geiter', 'og', 'ein', 'gris', '.', 'Det', 'h√∏yrte', '3', 'b√•tar', 'til', 'garden', '.', 'Dessutan', 'var', 'det', '5', 'husmannsplassar', ',', 'med', 'til', 'saman', '8', 'kyr', ',', '4', 'sauer', ',', '9', 'geiter', 'og', '4', 'griser', '.', 'Det', 'var', 'skikkelegt', 'dyrka', '√•ker', ',', 'b√•de', 'berr', 'og', 'noko', 'korn', ',', 'som', 'gav', 'til', 'saman']",23.523809523809526
"['Han', 'sa', 'til', 'politiet', 'at', 'han', 'ville', 'kaste', 'seg', 'i', 'vannet', '.', '-', 'Jeg', 'husker', 'ikke', 'helt', 'at', 'jeg', 'stupte', 'uti', ',', 'men', 'jeg', 'begynte', '√•', 'dukke', ',', 'ogs√•', 'begynte', 'jeg', '√•', 'sv√∏mme', ',', 'fortalte', 'han', 'i', 'retten', '.', 'Bistandsadvokat', 'Einar', 'Ramsland', ',', 'som', 'representerer', 'en', 'annen', '16', '√•r', 'gammel', 'gutt', 'som', 'overlevde', 'Ut√∏ya', ',', 'ville', 'vite', 'hvordan', 'tiltalte', 's√•', 'for', 'seg', 'hvordan', 'de', 'overlevende', 'opplevde', 'situasjonen', '.', '-', 'Jeg', 's√•', 'for', 'meg', 'hvordan', 'det', 'ble', ',', 'og', 'hvilke', 'skader', 'de', 'fikk', '.', 'Jeg', 's√•', 'for', 'meg', 'hvordan', 'det', 'kunne', 'g√•', '.', 'Totalt', 'overlevde', 'syv', 'gutter', 'p√•', 'denne', 'fluktruten', '.']",35.26356589147287
"['Du', 'skal', 'ikkje', 'sova', 'bort', 'sumarnatta', ',', 'og', 'du', 'skal', 'ikkje', 'bli', 'overraska', 'om', 'natta', 'bestemmer', 'seg', 'for', '√•', 'sprenga', 'vekk', 'kleda', 'du', 'har', 'p√•', 'heller', '.', '8', 'timars', 's√∏vn', 'b√∏r', 'vera', 'minimum', '.', '8', 'timar', 'utand√∏rs', 'i', 'sol', 'eller', 'regn', 'b√∏r', 'vera', 'maksimum', '.', 'Det', 'kan', 'vere', 'kaldt', 'om', 'natta', ',', 'men', 'sumarnatta', 'er', 'kort', 'og', 'ho', 'er', 'verd', '√•', 'oppleva', '.', 'Du', 'b√∏r', 'likevel', 'f√•', 'med', 'deg', 'sola', 'i', 'havet', ',', 'lys', 'himmel', 'og', 'kvit', 'morgon', 'ved', 'eit', 'nes', 'som', 'framleis', 'ligg', 'i', 'skuggen', '.', 'Dette', 'biletet', 'er', 'fr√•', 'Hundv√•k√∏y', 'kvelden', 'f√∏r', 'Midtsumarsnatten', '.']",32.89080459770115
"['D√•', 'dei', 'kom', 'til', 'topps', ',', 'fekk', 'dei', 'lov', 'av', 'forsvaret', 'til', '√•', 'g√•', 'ned', 'att.', '-', 'Det', 'var', 'forbanna', '.', 'Vi', 'var', 'sjuke', 'og', 'hadde', 'ei', 'flyavtale', 'klokka', 'tolv', 'p√•', 's√∏ndag', 'og', 'd√•', 'm√•tte', 'vi', 'ned', ',', 'seier', 'Eilifstj√∏nn', '.', 'Dei', 'klarte', '√•', 'skaffe', 'seg', 'overnatting', 'p√•', 'eit', 'hotell', 'i', 'Kirkenes', '.', '-', 'Der', 'betalte', 'vi', 'full', 'pris', 'for', 'rommet', 'og', 'm√•tte', 'g√•', 'ned', 'til', 'ein', 'dusj', '.', 'Deretter', 'gjekk', 'vi', 'av', 'garde', 'til', 'flyplassen', '.', 'D√•', 'kom', 'vi', 'i', 'prat', 'med', 'ei', 'dame', 'som', 'visste', 'om', 'ei', 's√∏kkrik', 'dame', 'som', 'hadde', 'eit', 'slott', 'i', 'n√¶rleiken', ',', 'fortel', 'Kjos', '.', 'Dermed', 'blei', 'det', 'fyrst', 'ei', 'natt', 'til', 'med', 'luksusliv', 'i']",27.22222222222222
"['Dei', 'sa', 'til', 'han', 'at', 'han', 'kanskje', 'hadde', 'litt', 'for', 'h√∏g', 'fart', ',', 'men', 'han', 'har', 'ikkje', 'hatt', 'stor', 'fart', '.', 'Han', 'har', 'aldri', 'k√∏yrt', 's√•', 'fort', 'som', 'dette', ',', 'og', 'han', 'brukte', 'heller', 'ikkje', 'noko', 'tid', '.', '-', 'Det', 'er', 'jo', 'veldig', 'tidleg', '.', 'Tidlegare', 'har', 'han', 'sprunge', 'ned', 'p√•', 'mellom', 'seks', 'og', '6,5', 'minutt', ',', 's√•', 'dette', 'var', 'veldig', 'bra', ',', 'seier', 'ein', 'stolt', 'far', '.', '-', 'S√•', 'du', 'trur', 'ikkje', 'han', 'har', 'juksa', 'og', 'brukt', 'andre', 'hjelpemiddel', '?', '-', 'Slik', 'eg', 'har', 'observert', 'det', ',', 's√•', 'trur', 'eg', 'ikkje', 'han', 'har', 'gjort', 'det', '.', 'Hadde', 'det', 'st√•tt', 'nokon', 'i', 'botn', 'av', 'trappa', 'hadde', 'han', 'nok', 'ikkje', 'gjennomf√∏rt', 'dette', ',', 'smiler', 'Rune', 'Aarbak']",19.8574297188755
"['Men', 'Jesus', 'sa', 'tilbake', ':', '‚Äù', 'La', 'de', 'sm√•', 'barna', 'v√¶re', ',', 'og', 'hindre', 'dem', 'ikke', 'i', '√•', 'komme', 'til', 'meg', '!', 'For', 'himmelriket', 'tilh√∏rer', 'slike', 'som', 'dem', '‚Äù', '10', 'En', 'dag', 'da', 'Jesus', 'vandret', 'rundt', 'i', 'gatene', ',', 'krevde', 'disiplene', 'hans', 'nok', 'en', 'gang', 'at', 'et', 'l√∏fte', 'om', '√•', 'forsyne', 'seg', 'av', 'en', 'spesiell', 'gave', 'skulle', 'settes', 'til', 'livs', '.', 'For', 'en', 'gangs', 'skyld', 'nektet', 'han', ',', 'og', 'fortalte', 'dem', 'at', 'de', 'som', 'hadde', 'tro', 'som', 'en', 'sennepsplante', ',', 'skulle', 'f√•', 'v√¶re', 'med', 'ham', 'p√•', 'liknende', 'm√•te', '.', 'Han', 'foruts√•', 'imidlertid', 'at', 'denne', 'typen', 'bel√∏nning', 'ville', 'kunne', 'f√•', 'dem', 'til', '√•', 'sp√∏rre', 'ham', 'slike', 'sp√∏rsm√•l', 'som', 'han', 'nettopp', 'hadde', 'besvart', 's√•', 'bra', 'i', 'forbindelse', 'med', 'disiplenes', 'h√∏ye', 'forventning']",39.16666666666667
"['Dei', 'kom', 'til', 'kulden', 'i', 'desember', '1942', ',', 'fr√•', 'Ukraina', ',', 'med', 'storsk√∏yter', ',', 'sildelast', 'og', 'ein', 'liten', ',', 'raud', ',', 'stolt', 'fane', '.', '700', 'norske', 'j√∏dar', 'var', 'p√•', 'flukt', ',', 'fr√•', 'det', 'tyskokkuperte', 'Noreg', ',', '11', 'veker', 'tidlegare', '.', '350', 'menneske', 'som', 'hadde', 'fors√∏kt', '√•', 'overleva', 'i', 'det', 'uuthaldelege', '‚Äì', 'i', 'gettoane', ',', 'saman', 'med', 'dei', 'stadig', 'meir', 'brutale', 'd√∏dsskvadronane', ',', 'eller', 'langs', 'dei', 'store', 'elvane', 'med', 'sveltande', 'barn', 'p√•', 'armen', '.', '350', 'menneske', 'som', 'hadde', 'kome', 'til', 'Sverige', '‚Äì', 'men', 'som', 'likevel', 'ville', 'komma', 'lenger', 'vekk', ',', 'i', 'eit', 'nytt', 'land', 'og', 'byggja', 'eit', 'nytt', 'liv', '.', 'Dei', 'drog', 'ikkje', 'fordi']",41.23192771084337
"['Fr√•', 'brev', 'som', 'er', 'innsende', 'i', 'samband', 'med', 'opne', 'tilgjengelege', 'lisensar', 'p√•', 'NRK', 'sitt', 'arkivmateriale', ',', 'har', 'vi', 'funne', 'at', 'desse', 'm√•tane', '√•', 'referere', 'p√•', 'er', 'mest', 'nytta', ',', 'slik', 'som', 'sitert', 'og', 'gjenbrukt', ':', '¬´', 'Avsnitt', 'henta', 'fr√•', 'NRK-arkiv', '/', 'NRK.no', '/', 'NRK', 'skriftleg', ',', '29.11.2017', '¬ª', 'og', '¬´', 'NRK', '(', '2017', ')', ',', '¬´', 'Tittel', 'p√•', 'program', '/', 'Avsnitt', 'brukt', 'som', 'kjelde', 'for', '‚Ä¶', '¬ª', '55.4.8', 'Referanser', 'i', 'tekst', '134', 'I', 'alle', 'tre', 'eksempla', 'er', 'det', 'tilleggsinformasjonen', 'som', 'ikkje', 'er', 'n√∏dvendig', 'etter', 'etternamnet', '.', 'Referansar', 'i', 'teksten', 'm√•', 'derfor', 'f√∏lgje', 'same', 'praksis']",95.71428571428572
"['Ein', 'dag', 'd√•', 'Nils', 'Bj√∏rnson', 'kjem', 'i', 'd√•rleg', 'hum√∏r', 'f√•r', 'han', 'det', 'til', '√•', 'g√•', 'rundt', 'for', 'dottera', ',', 'som', 'blir', 'hushjelp', 'hos', 'Tordis', ',', 'ei', 'rik', 'enke', 'med', 'fleire', 'barn', '.', 'Lilla', 'og', 'lilles√∏stera', 'hennar', ',', 'Dagny', ',', 'vert', 'dregne', 'i', 'kvar', 'si', 'retning', 'av', 'dei', 'sterke', 'kvinnene', 'i', 'historien', ':', 'Lilla', 'pr√∏ver', '√•', 'leve', 'opp', 'til', 'dei', 'h√∏ge', 'forventningane', 'til', 'Tordis', 'og', 'tek', 'til', 'seg', 'ein', 'teori', 'om', '√•', 'vere', 'perfeksjonist', 'og', 'gjere', 'det', 'som', 'er', 'rett', 'heile', 'tida', ',', 'medan', 'Dagny', 'lar', 'seg', 'inspirere', 'av', 'forfattarmora', 'og', 'vil', 'g√•', 'sine', 'eigne', 'vegar', '.', 'Det', 'ligg', 'ei', 'lengt', 'i', 'kvinnene', 'etter', '√•', 'h√∏yre', 'til', 'ein', 'plass', ',', 'b√•de', 'som', 'barn', 'og', 'vak']",56.859550561797754
"['Han', 'skunda', 'seg', 'attende', 'til', 'hytta', '.', 'Medan', 'kona', ',', 'som', 'hadde', 'vore', 'p√•', 'jobb', ',', 'gjekk', 'han', 'ut', 'og', 'sa', ':', '¬´', 'Her', 'var', 'det', 'noko', 'skikkeleg', 'rart', '.', 'Etter', 'm√•lingar', '√•', 'd√∏me', 'har', 'huset', 'stige', 'ein', 'meter', '.', '16', 'centimeter', 'pr', '√•r', ',', 'm√•lt', 'over', '15', '√•r', '.', 'Sidan', 'dei', 'flytta', 'inn', 'hausten', '2002', 'har', 't√∏mmerhytta', 'stige', '11', 'centimeter', '.', 'No', 'har', 'dei', 'f√•tt', 'ein', 'toetasjes', 'dobbel', 'carport', 'med', 'bu-plass', 'over', 'carporten', '.', '60', 'kvadrat', 'golvflate', 'er', 'p√•', 'plass', '.', 'Dei', 'har', 'f√•tt', 'eit', 'nytt', 'rom', '.', 'Dei', 'kallar', 'det', '¬´', 'Eidsvollstua', '¬ª', '.']",26.28395061728395
"['Det', 'vart', 'som', 'venta', 'ein', 'krevjande', 'sesjon', '.', 'Statsministeren', 'la', 'vekt', 'p√•', 'uttalte', 'sine', 'eigne', 'krav', ',', 'men', 'st√∏tta', '√≤g', 'krava', 'fr√•', 'dei', 'andre', 'nordiske', 'landa', 'om', 'eit', 'sterkt', 'EU', 'som', 'spelar', 'ei', 'tydelegare', 'europeisk', 'og', 'global', 'rolle', 'og', 'som', 'ikkje', 'berre', 'er', 'opptatt', 'av', 'vekst', 'og', 'velferd', ',', 'men', '√≥g', 'sikkerheit', 'og', 'tryggleik', '.', '√íg', 'sp√∏rsm√•la', 'knytt', 'til', 'EUs', 'indre-', 'og', 'utanriks-', 'og', 'tryggingspolitikk', 'var', 'viktige', 'tema', '.', 'V√•rt', 'm√•l', 'er', 'at', 'vi', 'gjennom', 'eit', 'sterkt', 'EU', ',', 'der', 'Noreg', 'er', 'med', ',', 'f√•r', 'ei', 'styrka', 'stilling', '.', 'Vi', 'er', 'ei', 'viktig', 'energistormakt', 'i', 'Europa', '.', 'Samtidig', 'er', 'vi', '√≤g', 'ein', 'viktig', 'bered']",36.91818181818182
"['So', 'var', 'det', 'den', 'tyske', 'krigsmakta', ',', 'eit', 'av', 'dei', 'st√∏rste', 'landa', 'i', 'Europa', ',', 'som', 'var', 'meint', '√•', 'vere', 'verne', 'og', 'verje', 'for', 'desse', 'landa', '.', 'Eit', 'samla', 'Europa', 'kj√∏pte', 'ikkje', 'dette', 'verken', 'i', '1945', 'eller', '1990', ',', 'sidan', 'vart', 'Nato', 'danna', '.', '20', '%', 'av', 'Europa', 'sitt', 'BNP', 'er', 'i', 'Tyskland', '.', '50', '%', 'av', 'E√òS-midlane', 'g√•r', 'til', 'Polen', '.', 'Det', 'vil', 'seie', 'at', 'desse', 'landa', 'er', 'avhengige', 'av', 'det', 'kapitalistiske', 'systemet', 'som', 'dei', 'sj√∏lve', 'har', 'bygd', 'opp', '.', 'Bortsett', 'fr√•', 'den', 'indre', 'marknaden', 'er', 'ikkje', 'noko', 'medlemskap', 'i', 'EU', '√•', 'byggje', 'opp', 'under', 'dette', 'systemet', '.']",27.166666666666664
"['Han', 'snudde', 'seg', 'og', 'snakket', 'til', 'meg', '.', '‚Äù', 'V√¶r', 's√•', 'snill', '√•', 'komme', 'hit', '.', 'Det', 'er', 'viktig', '‚Äù', '.', 'Jeg', 'gikk', 'opp', 'p√•', 'siden', 'av', 'han', '.', 'Det', 'var', 'tydelig', 'at', 'han', 'var', 'nerv√∏s', 'eller', 'stresset', 'for', 'noe', '.', '√òynene', 'hans', 'beveget', 'seg', 'ukontrollert', '.', '‚Äù', 'Jeg', 'har', 'ikke', 'v√¶rt', 'helt', '√¶rlig', 'med', 'deg', '.', 'I', 'g√•r', 'fortalte', 'jeg', 'deg', 'at', 'jeg', 'hadde', 'gjort', 'en', 'avtale', 'med', 'min', 'sjef', ',', 'men', 'jeg', 'glemte', '√•', 'nevne', 'en', 'ting', '.', 'Jeg', 'skal', 'ut', 'p√•', 'reise', '‚Äù', '.', '√òynene', 'hans', 'lyste', 'opp', '.', '‚Äù', 'Jeg', 'skal', 'p√•', 'jobb', 'i', 'utlandet', '.', 'Det', 'var', 'derfor', 'jeg', 'ikke', 'ville', 'v√¶re', 'hjemme', 'i', 'natt', '.', 'Jeg', 'skal', 'til', 'New', 'York', '.', 'Min', 'sjef', 'lurte', 'p√•', 'om', 'jeg', 'kunne', 'ta', 'jobben', 'i', '√•']",14.681318681318682
"['D√•', 'dei', 'hadde', 'f√•tt', 'av', 'seg', 'hanskane', 'og', 'stod', 'for', '√•', 'vaska', 'av', 'munnen', ',', 'h√∏yrde', 'dei', 'at', 'det', 'skrapa', 'mot', 'd√∏ra', ',', 'og', 'dei', 's√•g', 'p√•', 'kvarandre', '.', 'Men', 'der', 'var', 'ingen', 'utanfor', '.', '\x96', 'Det', 'har', 'ikkje', 'vore', 'nokon', 'her', ',', 's√•', 'ta', 'det', 'med', 'ro', ',', 'sa', 'Dina', 'og', 'svelgde', 'den', 'siste', 'biten', '.', '\x96', 'Kva', 'er', 'det', 'han', 'vil', '?', '\x96', 'Dersom', 'eg', 'er', 'n√∏ydd', 'til', '√•', 'seia', 'det', ',', 's√•', 'er', 'ikkje', 'dette', 'frivillig', '.', 'Kva', 'vil', 'du', 'gjera', '?', '\x96', 'Eg', 'veit', 'ikkje', '.', 'Me', 'f√•r', 'pr√∏va', 'alt', ',', 'me', 'm√•', 'gjer', 'det', 'som', 'trengst', '.', 'No', 'g√•r', 'han', ',', 'forst√•r', 'du', ',', 'for', '√•', 'ta', 'resten', 'sj√∏lv', '.', '\x96', 'Ja', 'vel', ',', 'men', 'eg', 'veit', 'kva', 'eg', 'skal', 'seia', '.', '\x96', 'Det', 'kan', 'vel']",17.09611650485437
"['Kva', 'er', 'det', 'eigentleg', 'med', 'mat', 'som', 'skal', 'skjulast', '?', 'Som', 'vi', 'alle', 'veit', ',', 'har', 'ikkje', 'frukt', 'og', 'gr√∏nsaker', 'noko', '√•', 'frykte', 'i', 'matbutikken', '.', 'For', 'gr√∏nsaker', 'blir', 'ikkje', 'sett', 'p√•', 'som', 'noko', 'farleg', ',', 'og', 'f√•r', 'ikkje', 'same', 'fysiske', 'behandlinga', 'som', 'kj√∏tt', ',', 'der', 'det', 'blir', 'sett', 'spr√∏yter', 'i', 'denne', 'konsistensen', 'som', 'vi', 'alle', 'er', 'kjende', 'med.', 'Eg', 'kan', 'ikkje', 'forklare', 'kvifor', 'det', 'er', 'slik', ',', 'eller', 'pr√∏ve', '√•', 'finne', 'noko', 'logikk', 'i', 'det', ',', 'men', 'eg', 'trur', 'vi', 'som', 'forbrukarar', 'har', 'godt', 'av', '√•', 'opne', 'augo', 'v√•re', ',', 'og', 'ikkje', 'sj√•', 'ned', 'p√•', 'dei', 'som', 'jobbar', 'med', 'gr√∏nsaker', '.', 'Gr√∏nsaker', 'er', 'ikkje', 'berre', 'noko', 'vi', 'kjempar', 'med', 'under', 'halsb√•nd']",43.903225806451616
"['So', 'sprang', 'hanen', 'til', 'v√¶rs', '-', 'Namdalsavisa', 'Namdalsavisa', 'Logg', 'inn', 'Noe', 'gikk', 'galt', ',', 'trykk', 'for', '√•', 'pr√∏ve', 'igjen', '.', 'Hei', ',', 'Min', 'side', 'Min', 'bruker', 'Kontakt', 'kundeservice', 'Logg', 'ut', 'Meny', 'S√∏k', 'Tips', 'oss', 'Kundeservice', 'Les', 'eavis', 'Lukk', 'Tips', 'oss', 'i', 'Namdalsavisa', 'Ring', 'oss', 'p√•', 'v√•r', 'tipstelefon', '74', '21', '21', '00', 'Send', 'sms', 'eller', 'mms', 'med', 'kodeord', 'NATIPS', 'til', '2005', 'Send', 'e-post', 'til', 'redaksjon@namdalsavisa.no', 'Eller', 'benytt', 'skjemaet', 'til', 'nedenfor', 'Navn', ':', 'E-post', ':', 'Tlf', ':', 'Tips', ':', 'Send', 'inn', 'So', 'sprang', 'hanen', 'til', 'v√¶rs']",28.764705882352942
"['I', 'det', 'same', 'tidsromet', 'vart', 'det', 'ogs√•', 'funne', 'ei', 'knust', 'lommebok', 'som', 'f√∏rebels', 'ikkje', 'er', 'meldt', 'sakna', 'av', 'innehavaren', '.', 'Denne', 'hadde', 'lommebok', 'og', 'innhaldet', 'fr√•', 'den', 'er', 'beslaglagt', '.', '-', 'Vi', 'har', 'ikkje', 'kome', 'i', 'kontakt', 'med', 'rette', 'vedkomande', ',', 'men', 'har', 'nokre', 'namn', '√•', 'jobbe', 'med', ',', 'seier', 'Hustad', '.', '√òrskog', 'lensmannskontor', 'er', 'no', 'i', 'ferd', 'med', '√•', 'finne', 'ut', 'kven', 'som', 'kan', 'ha', 'mista', 'lommeboka', '.', '16-26', '-', '√•ringen', 'som', 'er', 'sikta', 'for', 'ranet', 'er', 'ogs√•', 'tidlegare', 'd√∏mt', 'for', 'ran', '.', 'Dei', 'to', 'ten√•ringane', 'vart', 'begge', 'frakta', 'til', '√Ölesund', 'sjukehus', ',', 'etter', 'at', 'politiet', 'f√∏rst', 'f√∏r']",32.33333333333333
"['For', 'det', 'f√∏rste', 'mener', 'Rasmussen', 'at', 'forslaget', 'vil', 'f√∏re', 'til', 'at', 'det', 'blir', 'flere', 'ufrivillige', 'deltidsansatte', 'i', 'Norge', '.', 'Han', 'tror', 'forslaget', 'kan', 'f√∏re', 'til', 'at', 'flere', 'm√•', 'si', 'seg', 'forn√∏yd', 'med', 'deltidsstillinger', '.', '-', 'Dette', 'vil', 'skje', 'fordi', 'det', 'som', 'l√∏nner', 'seg', 'vil', 'bli', 'l√∏nnsomt', '.', 'Da', 'm√•', 'bedriftene', 'vurdere', 'om', 'hva', 'som', 'er', 'l√∏nnsomt', 'i', 'det', 'lange', 'l√∏p', '.', 'Det', 'er', 'jo', 'som', 'kortsiktighet', 'vinner', 'i', '√∏konomien', '.', 'Jeg', 'h√•per', 'jo', 'at', 'n√¶ringslivet', 'viktigste', 'oppgave', 'er', '√•', 'tjene', 'penger', 'og', 'da', 'b√∏r', 'de', 'tilpasse', 'seg', 'endringer', 'i', 'samfunnet', '.', 'N√•', 'som', 'det', 'begynner', '√•', 'bli', 'utbredt', 'med', 'selvbetj']",36.61904761904762
"['D√•', 'han', 'hadde', 'f√•tt', 'svar', 'fr√•', 'Vestlandsbanken', ',', 'og', 'eit', 'eksternt', 'advokatfirma', 'hadde', 'f√•tt', 'jobben', 'med', '√•', 'g√•', 'gjennom', 'saka', ',', 'vart', 'den', 'utsett', 'til', 'neste', '√•r', '.', 'Det', 'var', 'ikkje', 'noko', 'styre', 'og', 'administrasjon', 'hadde', 's√¶rleg', 'lyst', 'til', '.', '2022', 'er', 'ikkje', 'rett', 'tidspunkt', ',', 'meinte', 'dei', ',', 'med', 'tanke', 'p√•', 'alle', 'andre', 'saker', 'dei', 'jobbar', 'med.', 'Dei', 'frykta', 'ogs√•', 'at', 'det', 'som', 'er', 'kalla', 'ein', '¬´', 'krevjande', '¬ª', 'generalforsamling', ',', 'kunne', 'f√∏ra', 'til', 'at', 'dei', 'tilsette', 'vert', 'kasta', 'inn', 'i', 'ein', 'opprivande', 'konflikt', '.', '‚Äì', 'Me', 'er', 'litt', 'der', 'n√•', 'at', 'me', 'synest', 'Vestlandsbanken', 'har', 'oppf√∏rt', 'seg', 'veldig', 'greitt', '.', 'Om', 'me', 'skulle', 'koma', 'til', 'ei', 'einig', ',']",36.94444444444444
"['Ja', 'ja', 'de', 'skal', 'f√•', 'lov', 'at', 'pr√∏ve', 'det', 'her', '.', 'Men', 'i', 'det', 'her', 'tilf√¶lde', 'er', 'det', 'jo', 'netop', 'blevet', 'misbrugt', '.', 'Et', 'misbrug', 'af', 'en', 'meget', 'lille', 'del', 'af', 'befolkningen', ',', 'hvoraf', 'en', 'meget', 'stor', 'gruppe', 'm√•ske', 'kunne', 'v√¶re', 'gode', 'st√∏tter', '.', 'Og', 'ja', ',', 'at', 'man', 'ikke', 'f√•r', 'lov', 'til', 'at', 'rejse', 'til', 'det', 'her', 'land', 'og', 'forl√¶nge', 'opholdet', 'uden', 'grund', 'eller', 'lovligt', '.', 'Jeg', 'syntes', 'allerede', 'det', 'er', 'skr√¶mmende', 'at', 'man', 'som', 'DK', 'borger', 'tager', 'p√•', 'ferie', 'i', 'et', 'andet', 'land', ',', 'uden', 'nogen', 'form', 'for', 'opholdstilladelse', 'eller', 'visum', 'n√•r', 'man', 'ikke', 'snakker', 'og', 'bes√∏ger', 'de', 'lokale', '.', 'Og', 'udl√¶ndinge', 'der', 'bes√∏ger', '/', 'bo', 'her', ',', 'hvor', 'man', 'kan', 'komme', 'og', 'g√•', 'som', 'man', 'vil', ',', 'uden']",32.62978723404255
"['D√•', 'eg', 'fekk', 'h√∏yra', 'at', 'eg', 'skulle', 'f√•', 'ei', 'tekstmelding', 'fr√•', 'rektor', 'i', 'dag', ',', 'vart', 'eg', 'med', 'ein', 'gong', 'litt', 'skeptisk', '.', 'Meldingar', 'fr√•', 'universitetsfolk', 'har', 'ein', 'lite', '√•', 'gjera', 'med.', 'Men', 'i', 'dag', 'kom', 'meldinga', 'om', 'at', 'eg', 'vann', 'ein', 'pris', '.', 'Og', 'det', 'var', 'ikkje', 'noko', 'tull', ':', 'Eg', 'fekk', 'ei', 'flott', 'ramme', ',', 'slik', 'det', 'skal', 'vera', 'ved', 'prisutdelingar', '.', 'Og', 'det', 'var', 'sj√∏lvaste', 'ordf√∏raren', 'som', 'overrekte', 'ramma', '.', '10.000', 'kroner', ',', 'som', 'eg', 'ikkje', 's√•g', 'noko', 'til', ',', 'men', 'som', 'eg', 'skal', 'betala', 'skatt', 'av', ',', 'sj√∏lvsagt', '.', '√Üre', ',', 'derimot', ',', 'kjennest', 'godt', ',', 'og', 'det', 'i', 'h√∏gevis', '.', 'Kv√•l-rektoren', ',', 'som', 'eg', 'elles', 'ikkje', 'har', 'noko', 'st']",29.452380952380953
"['I', 'Aurlandselva', 'var', 'andelen', 'presmolt', 'i', '1996', 'og', '1997', '68', '%', 'av', 'totalfangsten', 'i', 'november', '(', 'Muniz', '&', 'Leivestad', '1980', ')', 'mens', 'den', 'var', 'p√•', '80', '%', 'i', 'Aurlandselva', 'i', 'april', '1996', 'og', '1997', '(', 'Leivestad', '&', 'Muniz', '1986', ')', '.', 'Aurlandselva', '1996', 'og', '1997.', 'Han', 'mfl.', '(', '1997', ')', 'fant', 'at', '√∏rret', 'var', 'den', 'viktigste', 'n√¶ringen', 'i', 'november', 'og', 'desember', 'i', '1996', ',', 'mens', 'lite', '√∏rret', 'ble', 'funnet', 'i', 'april', '1997.', 'Den', 'lave', 'andelen', 'av', 'presmolt', '(', '10,1', 'og', '7,4', '%', ',', 'henholdsvis', ')', 'i', 'Aurlandselva', '1.', 'april', 'og', '15.', 'juni', ',', 'er', 'i', 'samsvar', 'med', 't']",57.0
"['Det', 'vart', 'berre', 'ei', 'h√•shelg', 'av', 'dei', 'sjeldne', 'i', 'Nordskogen', 'laurdag', '.', 'Der', 'det', 'for', 'ein', 'time', 'sidan', 'l√•g', 'ei', 'tjukk', 'slapsesuppe', 'med', 's√∏lepyttar', ',', 'var', 'det', 'laurdag', 'ettermiddag', 'hardtrakka', 'sn√∏', 'av', 'alle', 'variantar', '.', 'P√•', 'f√∏remiddagen', 'var', 'det', 'full', 'fart', 'p√•', 'ski', 'i', 'n√¶rmilj√∏parken', '.', '-', 'Det', 'er', 'fint', 'at', 'det', 'har', 'kome', 's√•', 'mykje', 'sn√∏', '.', 'Eg', 'har', 'gleda', 'meg', 'lenge', 'fram', 'mot', 'denne', 'dagen', ',', 'seier', 'Vidar', 'Egset', 'som', 'var', 'ein', 'av', 'dei', 'som', 'ikkje', 'kunne', 'dy', 'seg', '.', 'Med', 'k√∏yrde', 'opp', 'og', 'ned', ',', 'ned', 'og', 'opp', ',', 'ned', 'og', 'opp', 'bakken', 'ved', 'Nordskogen', 'stadion', '.', 'Klokka', '14.00', 'gjekk', 'startskotet', 'for', 'cuprennet', 'der', 'lokale', 'l√∏parar']",30.56367041198502
"['Ei', 'lita', 'kj√∏le', 'av', 'austavind', 'og', 'f√∏nvind', 'drog', 'seg', 'inn', 'over', 'Vestlandet', 'igjen', 'i', 'g√•r', ',', 'og', 'det', 'var', 's√¶rleg', 'Eidfjord', 'i', 'Hardanger', 'der', 'det', 'var', 'heilt', 'skyfritt', '.', 'Det', 'gav', 'ein', 'maksimumstemperatur', 'p√•', '22,2', 'grader', 'kl.', '11', 'om', 'f√∏remiddagen', '.', 'Noregs', 'varmaste', 'stad', 'i', 'g√•r', 'var', 'Marstein', 'der', 'det', 'var', '20,5', 'grader', '.', 'M√•lestasjonen', 'der', 'fanga', 'ogs√•', 'opp', 'to', 'tropenetter', 'i', 'g√•r', ',', 'b√•de', 'p√•', 'grunn', 'av', 'varmluft', 'fr√•', 'Eidfjord', 'og', 'fr√•', 'andre', 'himmelretningar', '.', 'Trass', 'i', 'skiftande', 'ver', ',', 'vart', 'dagen', 'opplevd', 'som', 'ein', 'flott', 'sommardag', 'av', 'meteorologane', '.', 'Det', 'var', 'fint', 'ogs√•', 'i', 'S√∏re', 'Sunnhordland', '.', 'G']",37.22222222222222
"['Praktisk', 'tolka', 'for', 'skule', 'og', 'barnehage', 'Heim', 'Nyhende', 'Presse', 'Presseinfo', 'Pressemeldingar', 'Om', 'LNK', 'Om', 'LNK', 'P√•', 'saklista', '-', 'kurs', 'LNK-kortet', 'Spr√•kbruksplanar', 'Medlemer', 'Pirionkurs', 'for', 'barnehagar', 'Prosjekt', 'Nye', 'tider', '-', 'Nynorsk', 'Diktarvegen', 'Mot', 'til', '√•', 'meina', 'Kommentarar', 'P√•', 'kommunevis', 'Kommentar', 'Leiar', 'H√∏viske', 'ord', 'Spr√•kr√•d', 'Teater', 'Kontakt', 'ANNONSER', 'LNK', 'Praktisk', 'tolka', 'for', 'skule', 'og', 'barnehage', 'Skrive', 'av', 'Redaksjonen', '04', 'mai', '2015.', 'Tweet', 'Marit', 'Lund', 'B√∏dtker', 'i', 'Leser', 's√∏ker']",-1.0
"['Han', 'hevder', 'dette', 'blir', 'siste', '√•ret', 'den', 'sittende', 'administrasjonen', 'kommer', 'til', '√•', 'bruke', 'mer', 'penger', 'enn', 'det', 'som', 'kommer', 'inn', '.', 'Han', 'mener', 'ogs√•', 'at', 'det', 'blir', 'lite', 'penger', 'igjen', 'for', 'byen', 'etter', 'denne', 'tidsalderen', '.', '‚Äì', 'Vi', 'ser', 'det', 'allerede', 'n√•', '.', 'For', 'eksempel', 'har', 'vi', 'ikke', 'lenger', 'penger', 'til', '√•', 'fikse', 'veiene', 'og', 'vinduskarmer', 'har', 'begynt', '√•', 'g√•', 'i', 'stykker', 'p√•', 'skolene', '.', 'Vi', 'er', 'p√•', 'et', 'farlig', 'dypt', 'vann', ',', 'sier', 'de', 'Blasio', '.', '(', '¬©', 'NTB', ')', '(', '¬©', 'NTB', ')', '¬®', '(', '¬©', 'NTB', ')', '¬®', '(', '¬©', 'NTB', ')', '¬®', '(', ')', '¬®', '(', ')', '¬®', '(', ')', '¬®', '(', ')', '¬®', '(', ')', '(', '¬©', 'NTB', ')']",25.42857142857143
"['Kvinnheringen', 'har', 'tidlegare', 'skrive', 'om', 'dei', 'omfattande', 'planane', 'som', 'no', 'er', 'under', 'oppsegling', '.', 'Staten', 'raserer', 'fjordlandskapet', 'og', 'raserer', 'verdien', 'p√•', 'eigedomane', 'v√•re', 'som', 'f√∏lgje', 'av', 'vegbygging', ',', 'uttala', 'grunneigarane', 'i', 'februar', '.', 'No', 'har', 'dei', 'alts√•', 'klart', '√•', 'samla', 'seg', 'om', 'eit', 'felles', 'framlegg', 'for', 'grunneigarane', '.', 'I', 'framlegget', 'heiter', 'det', 'at', 'retten', 'ikkje', 'finn', 'at', 'det', 'er', 'f√∏rt', 'bevis', 'for', 'p√•standen', 'om', 'verdiforringelse', 'som', 'f√∏lgje', 'av', 'at', 'riksveg', '551', 'delvis', 'skal', 'leggjast', 'i', 'vegtras√©', 'over', 'deira', 'eigendommer', '.', 'Nokre', 'av', 'grunneigarane', 'hadde', 'rett', 'og', 'slett', 'ikkje', 'trudd', 'at', 'retten', 'har', 'teke', 's√•', 'mykje', 'o']",48.08333333333333
"['Undulat', 'med', 'bur', 'til', 'salgs', '.', 'Tlf', '.', '2943', '.', 'Hilsen', 'Lilly', '.', '311.', '0.', 'Rolig', 'ektepar', 'treng', '.', 'liten', 'leil', '.', 'fra', 'okt.', 'Hunden', 'er', 'snill', '.', 'Bill', '.', 'mrk', '.', ':', '¬´', 'Ingen', 'alkohol', '¬ª', 'til', 'ekspedi', 'sjonen', '.', '1.', '0.', '0.', '310.', '0.', '1.', '0.', '0.', '310.', '0.', '2', 'v√¶relser', 'ledig', '.', '5', ',', '111', '.', 'Kr', '.', '12', ',', '‚Äî', 'pr.', 'mnd.', 'Bill', '.', 'mrk', '.', '¬´', '0.', 'a', '.', '1', '¬ª', 'til', 'ekspedisjonen', '.', '1.', '0.', '0.', '2', 'jernsenger', 'med', 'fj√¶rmadrasser', 'og', 'noen', 'lenestoler', 'selges', 'meget', ',', 'billig', '.', 'Tlf', '.', '34']",16.675057208237988
"['Like', 'tydelege', 'har', 'ordf√∏rar', 'Jenny', 'F√∏lling', '(', 'Sp', ')', 'i', 'Sogn', 'og', 'Fjordane', 'fylkesting', 'og', 'fylkesordf√∏rar', 'Nils', 'R.', 'Sandal', '(', 'Ap', ')', 'i', 'Sogn', 'og', 'Fjordane', 'fylkeskommune', 'vore', '.', 'I', 'f√∏lgje', 'Sogn', 'og', 'Fjordane', 'har', 'dei', 'sendt', 'eit', 'felles', 'brev', 'til', 'departementet', 'med', 'synspunkt', 'i', 'saka', 'om', 'Sogn', 'og', 'Fjordane', 'skal', 'sl√•ast', 'saman', 'med', 'Hordaland', 'og', 'Rogaland', '.', 'Sunnm√∏re', 'meiner', 'det', 'er', 'liten', 'grunn', 'til', '√•', 'tru', 'at', 'dette', 'skjer', '.', 'Dei', 'meiner', 'det', 'vil', 'vere', 'ein', 'fordel', '√•', 'kike', 'b√•de', 'til', 'aust', 'og', 'nord', 'n√•r', 'den', 'nye', 'store', 'vestlandsregionen', 'skal', 'skipast', '.']",41.25
"['Hjertelig', 'takk', 'for', 'g√•ver', 'og', 'bidrag', 'ved', 'min', 'konfirmasjon', '.', 'Lasse', 'Tande', '.', 'Talte', 'i', 'TTIF', 'Kj√¶re', 'vakre', ',', 'gode', 'TTIF', 'og', 'Halden', 'by', '.', 'Jeg', 'har', 'bodd', 'i', 'Oslo', 'de', 'siste', '35', '√•r', ',', 'men', 'er', 'f√∏dt', 'og', 'oppvokst', 'i', 'Halden', ',', 'og', 'har', 'hatt', 'et', 'langt', 'og', 'kj√¶rlig', 'forhold', 'til', 'TTlF', '.', '11972', 'ble', 'jeg', 'kretsmester', 'for', '4.', 'lag', 'jenter', '13', '√•r', 'i', 'dav√¶rende', '√òstfold', 'Fotball-Krets', '.', 'Tjue', '√•r', 'senere', 'ble', 'jeg', 'valgt', 'til', 'leder', 'for', 'det', 'mest', 'popul√¶re', 'TTlF-tiltaket', 'som', 'noensinne', 'har', 'eksistert', 'blant', 'Haldens', 'barn', 'og', 'unge', ',', 'nemlig', 'TTIFs', 'juniorlek', '.', 'I', '1980']",31.775193798449614
"['Det', 'er', 'det', 'store', 'sp√∏rsm√•let', 'etter', 'at', 'politikerne', 'med', 'flertallets', 'stemmer', 'vedtok', 'at', 'de', 'tre', 'kunstnerne', 'skal', 'f√•', 'dekket', 'hver', 'sin', 'del', 'av', 'kostnadene', '.', 'En', 'utsendt', 'delegasjon', 'hadde', 'torsdag', 'et', 'm√∏te', 'med', 'representanter', 'fra', 'den', 'norske', 'ambassaden', 'i', 'Stockholm', 'og', 'Kulturdepartementet', 'i', 'Oslo', ',', 'hvor', 'de', 'la', 'frem', 'saken', '.', 'B√•de', 'ambassaden', 'og', 'kulturdepartementet', 'mener', 'at', 'det', 'er', 'opp', 'til', 'Sverige', '√•', 'utarbeide', 'en', 'liste', 'over', 'hvem', 'det', 'faktisk', 'er', 'som', 'er', 'invitert', 'til', '√•', 'delta', 'p√•', 'biennalen', ',', 'og', 'at', 'det', 'dermed', 'ikke', 'er', 'nok', 'at', 'noen', 'mener', '√•', 'ha', 'f√•tt', 'en', 'invitasjon', '.', '√òra', 'forteller', 'n√•', 'at', 'kunstnerne', 'har', 'f√•tt', 'en', 'frist', 'til', '19.', 'august', 'med', '√•', 's√∏ke', 'om', 'erstatning', 'fra', 'den', 'sv']",53.41025641025641
"['Mannen', 'er', 'funnet', 'p√•', 'en', 'strand', 'i', 'Lillesand', 'ved', '20-tiden', 'l√∏rdag', 'kveld', '.', 'Tilstanden', 'hans', 'er', 'ukjent', '.', 'Mannens', 'navn', 'og', 'alder', 'er', 'forel√∏pig', 'ikke', 'offentliggjort', ',', 'men', 'han', 'er', 'funnet', 'i', 'sj√∏en', 'i', 'et', 'popul√¶rt', 'turomr√•de', 's√∏r', 'i', 'Lillesand', '.', '23.', 'sep', '2012', 'Jeg', 'mener', 'at', 'homofili', 'er', 'akkurat', 'som', 'en', 'f√∏lels', 'du', 'bare', 'ikke', 'kan', 'velge', '√•', 'ha', ',', 'den', 'er', 'der', '.', 'N√•r', 'du', 'f√∏rst', 'er', 'homofil', 'kan', 'du', 'ikke', 'velge', 'at', 'du', 'skal', 'elske', 'noen', 'av', 'det', 'motsatte', 'kj√∏nn', ',', 'du', 'er', 'like', 'glad', 'i', 'menn', 'som', 'i', 'kvinner', '.', 'Mange', 'menn', 'som', 'har', 'ha', 'dame', 'lager', 'hjerter', 'til', 'oss', 'p√•', 'facebook', 'og', 'eier', 'ingen', 'skam', 'h√¶r', 'i', 'livet', '.', '7.', 'sep']",32.73809523809524
"['Ulykka', 'skjedde', 'ved', 'ei', 'avk√∏yring', 'p√•', 'riksveg', '5', 'i', 'Fj√¶rland', 'laurdag', 'kveld', '.', 'Politiet', 'fekk', 'melding', 'om', 'ulukka', 'klokka', '21.45', 'laurdag', 'kveld', '.', '-', 'F√∏raren', 'av', 'bilen', 'var', '√•leine', 'i', 'bilen', '.', 'Han', 'kom', 'uskadd', 'fr√•', 'uhellet', ',', 'men', 'det', 'kan', 'ha', 'skjedd', 'noko', 'med', 'nakken', '.', 'Mannen', 'vart', 'frakta', 'til', 'lege', 'for', 'sjekk', ',', 'fortel', 'operasjonsleiar', 'Kjell', 'Fonn', 'i', 'Sogn', 'og', 'Fjordane', 'politidistrikt', '.', 'Operasjonsleiaren', 'opplyser', 'at', 'det', 'er', 'vanskeleg', '√•', 'seia', 'kva', 'som', 'var', '√•rsaka', 'til', 'ulykka', '.', 'Bilen', 'vart', 'f√∏rst', 'st√•ande', 'utfor', 'vegen', ',', 'men', 'hadde', 's√•', 'teke', 'turen', 'innom', 'p√•', 'riksvegen', 'f√∏r', 'den', 'hamna', 'i', 'e']",34.36854460093897
"['Vi', 'veit', 'nok', 'i', 'dag', 'til', '√•', 'kunne', 'sl√•', 'fast', 'at', 'menneskeskapt', 'klimaendring', 'er', 'den', 'st√∏rste', 'trusselen', 'mennesket', 'som', 'art', 'nokon', 'gong', 'har', 'st√•tt', 'overfor', '.', 'Framtida', 'v√•r', 'er', 'avhengig', 'av', 'at', 'vi', 'samla', 'sett', 'gjer', 'det', 'som', 'er', 'rett', 'for', '√•', 'hindre', 'den', 'globale', 'oppvarminga', 'fr√•', '√•', 'n√•', 'farlege', 'niv√•', '.', 'Nettopp', 'derfor', 'er', 'det', 's√•', 'viktig', '√•', 'ha', 'trua', 'p√•', 'framtida', '.', 'Vi', 'kan', 'gjere', 'noko', '.', 'Vi', 'kan', 'skape', 'ei', 'verd', 'utan', 'utslepp', 'av', 'klimagassar', '.', 'Sj√∏lv', 'om', 'det', 'er', '9', '√•r', 'att', 'til', 'klimautsleppa', 'skal', 'vere', 'halvert', ',', 'kan', 'og', 'm√•', 'vi', 'lukkast', '.', 'Vi', 'er', 'no', 'inne', 'i', 'ei', 'spanande', 'tid', 'med', 'mange', 'viktige', 'diskusjonar', 'om', 'klimapolitikk', 'her']",34.946886446886445
"['Men', 'du', 'skulde', 'h√∏yrt', 'og', 'set', ',', 'kva', 'slags', 'mann', 'dei', 'fekk', 'i', 'staden', '.', 'Eg', 'kjenner', 'han', 'ikkje', ',', 'eg', 'har', 'aldri', 'h√∏yrt', 'noko', 'anna', 'enn', 'det', 'folk', 'snakkar', 'um', ',', 'at', 'han', 'var', 'ein', 'god', 'mann', '.', 'Men', 'for', 'ein', 'ung', 'gut', 'som', 'gjekk', 'og', 'venta', 'far', 'sin', 'heim', 'att', ',', 'var', 'det', 'ein', 'hard', 'gjest', 'som', 'kom', '.', 'Og', 'ikkje', 'hadde', 'han', 'tid', 'til', '√•', 'snakke', 'med', 'han', 'heller', '.', 'Og', 'ikkje', 'hadde', 'eg', 'mor', 'heller', ',', 'eg', 'hadde', 'berre', 'han', '.', 'Det', 'tok', 'ei', 'lang', 'tid', 'fyrr', 'han', 'kunde', 'sj√•', 'meg', '.', 'For', 'han', 'var', 'ikkje', 'snar', 'til', '√•', 'snu', 'seg', '.', 'Men', 'han', 'stogga', 'og', 'vart', 'st√•ande', ',', 'og', 'auga', 'hans', 'kom', 'burt', '√•t', 'meg', '.', 'Og', 'd√•', 'han', 'hadde', 'set', 'meg', ',', 's√•', 'smilte', 'han', '.', '‚Äî', 'Jas√•', ',', 'det', 'var', 'slik', 'dei', 's√•g', 'meg']",15.475095785440613
"['Dagen', 'etter', 'var', 'b√•ten', 'tilbake', '.', '21-√•ringen', ',', 'som', 'skal', 'ha', 'ransaket', 'leiligheten', ',', 'ble', 'p√•grepet', '.', 'Senere', 'ble', '38-√•ringen', 'p√•grepet', 'p√•', 'vei', 'til', 'jobb', '.', '32-√•ringen', 'var', 'etterlyst', 'og', 'etterforskningen', 'skal', 'ha', 'avdekket', 'at', 'han', 'kom', 'til', 'Norge', 'i', 'en', 'koffert', 'under', 'et', 'charterfly', 'i', 'august', '2014.', '32-√•ringen', 'var', 'i', 'Norge', 'for', 'et', 'kortvarig', 'opphold', 'sommeren', '2012', ',', 'men', 'ble', 'da', 'utvist', '.', 'Han', 'kom', 'igjen', 'i', '2014.', 'I', 'kjennelsen', 'uttalte', '32-√•ringens', 'forsvarer', ',', 'Morten', 'Furuholmen', ',', 'at', 'det', 'ikke', 'var', 'noen', 'bevis', 'som', 'knyttet', '32-√•ringen', 'til', 'det', 'avtalte']",44.07456140350877
"['Frosken', 'var', 'veldig', 'redd', 'Han', 'hadde', 'v√¶rt', 'innesperret', 'i', 's√•', 'lang', 'tid', '.', 'Men', 'takket', 'v√¶re', 'noen', 'snille', 'hender', ',', 's√•', 'kunne', 'han', 'endelig', 'sprette', 'ut', 'igjen', '!', '‚ù§', 'Ô∏è', 'üê∏', 'Norges', 'fremste', 'bingoportal', 'p√•', 'nett', '.', 'Skriver', 'alt', 'om', 'bingo', 'og', 'har', 'intervjuer', 'og', 'nyheter', 'fra', 'bransjen', '.', 'üé≤', 'Online', 'Gambling', 'https', ':', '/', '/', 't.co', '/', '0', 'eGbI7Wc0C', 'https', ':', '/', '/', 't.co', '/', '2', 'vYD5nwPzV', 'https', ':', '/', '/', 't.co', '/', 'tQQqFd4KbG', 'https', ':', '/', '/', 't.co', '/', 'vxqb550X1Z', 'Aktivitetshuset', 'Volt', 'ligger', 'p√•', 'L√∏ren', ',', 'i', 'bygg', 'Volt', '.', 'I', 'dette', 'bygget', 'finnes', 'det', 'forskjellige', '√∏vingslokaler', ',']",36.98840579710145
"['Goddag', 'karar', 'sagde', 'eg', 'og', 'smilte', ',', 'dette', 'er', 'Sogn', '.', 'Karane', 'var', 'brydd', 'og', 'v√•ga', 'ikkje', '√•', 'm√∏te', 'blikket', 'til', 'den', 'framande', '.', '-', 'Nei', 'her', 'har', 'eg', 'aldri', 'vore', ',', 'sa', 'dei', ',', 'men', 'eg', 's√•g', 'no', 'tydeleg', 'at', 'blikka', 'deira', 'f√≥r', 'som', 'ein', 'ball', 'og', 'landa', 'p√•', 'meg', '.', 'Eg', 'kom', 'i', 'hug', 'uttalen', 'til', 'Jon', 'Fosse', 'i', 'ein', 'tv-reportasje', 'fr√•', 'eit', 'folkem√∏te', ':', 'Det', 'er', 'ein', 'grunn', 'til', 'at', 'vi', 'ikkje', 'reiser', 'og', 'hevar', 'oss', 'over', 'dei', 'andre', '.', 'No', ',', 'i', 'alle', 'fall', '.', 'Eg', 'er', 'her', 'fordi', 'to', 'av', 'v√•re', 'beste', 'forfattarar', 'kjem', 'fr√•', 'Sogn', ',', 'og', 'er', 'i', 'slekt', 'med', 'kvarandre', '.', 'Men', 'eg', 'm√•', 'leite', '.', '-', 'Er', 'det', 'her', 'nokon', 'som', 'har', 'greie', 'p√•', 'Olav', 'H.', 'Hauge', '?', 'Ingen', 'svara', '.', '-']",19.684210526315788
"['Jeg', 'er', 'ekstremt', 'tilfreds', 'med', '√•', 'l√∏pe', 'rundt', 'i', 'skogen', 'med', 'et', 'fotoapparat', 'over', 'skulderen', ',', 'en', 'ryggsekk', 'og', 'en', 'kartmappe', 'p√•', 'magen', ':', ')', 'üòâ', 'For', '√•', 'finne', 'ut', 'hva', 'som', 'er', 'bra', 'eller', 'mindre', 'bra', 'med', 'forskjellige', 'objektiver', 'er', 'det', 'en', 'god', 'ting', '√•', 'vite', 'litt', 'om', 'kvaliteter', 'og', 'funksjoner', 'p√•', 'de', 'forskjellige', 'objektiver', 'som', 'etter', 'hvert', 'har', 'kommet', 'p√•', 'markedet', '.', 'Grunnverdiene', 'hver', 'for', 'seg', 'har', 'ingenting', 'med', 'hvordan', 'et', 'godt', 'portrettobjektiv', 'er', 'sammenlignet', 'med', 'et', 'objekt', 'egnet', 'til', 'fotball', '.', 'Brennvidde', 'og', 'blender', 'bestemmer', 'hva', 'man', '√∏nsker', '√•', 'presentere', '(', 'i', 'et', 'portrett', ')', 'og', 'hvor', 'mye', 'man', 'viser', '(', 'i', 'et', 'landskap', ')', '.', 'Blenderen', 'bestemmer']",58.25252525252525
"['Det', 'er', 'ei', 'trist', 'melding', 'som', 'kjem', 'fr√•', 'skuledirekt√∏r', 'Olav', '√Öm', '.', 'Ogs√•', 'l√¶rarorganisasjonane', 'har', 'f√•tt', 'denne', 'meldinga', ':', 'Han', 'har', 'sagt', 'fr√•', 'seg', 'attval', 'til', 'skuledirekt√∏rembetet', ',', 'og', 'no', 'blir', 'han', 'pensjonist', '.', '√Ötte', '√•rs', 'burtkasta', 'krefter', 'og', 'ei', 'urettvist', 'handsaming', '.', 'Det', 'seier', 'han', '.', 'Kan', 'vi', 'lita', 'p√•', 'at', 'han', 'har', 'rett', '?', 'Skuledirekt√∏ren', 'gjorde', 'rett', 'i', '√•', 'stilla', 'seg', 'til', 'val', 'att.', 'Det', 'er', 'f√∏rste', 'bod', 'for', 'ein', 'skuledirekt√∏r', ',', 'som', 'er', 'ein', 'embetsmann', ',', 'og', 'det', 'er', 'det', 'ikkje', 'f√•', 'av', '.', 'Der', 'er', 'embetsmann', 'som', 'er', 'valde', 'av', 'sine', 'likemenn', 'b√•de', 'til', 'statsminister', ',', 'h√∏gsterettsdommar', 'og', 'h√∏gsterettsjustitiarius', '.', 'Til', 'med']",32.64055299539171
"['Etter', 'forvaltningslova', 'har', 'P4', 'rett', 'til', '√•', 'f√•', 'innsyn', 'i', 'klagen', '.', 'Av', 'omsyn', 'til', 'saksgangen', 'b√∏r', 'derfor', 'innsynskrav', 'journalf√∏rast', 'og', 'handsamast', 's√•', 'fort', 'som', 'mogleg', '.', 'Direktoratet', 'for', 'samfunnstryggleik', 'og', 'beredskap', '(', 'DSB', ')', 'er', 'klageinstans', 'for', 'P4', 'sitt', 'avslag', 'fr√•', '19.', 'oktober', 'om', 'innsyn', 'i', 'rapporten', '.', 'Klagen', 'skal', 'sendast', 'til', 'DSB', '.', 'Den', 'vert', 'ikkje', 'handsama', 'f√∏r', 'DSB', 'har', 'f√•tt', 'alle', 'sakspapira', '.', 'P4', 'har', 'i', 'klagen', 'kravd', 'innsyn', 'i', 'ein', 'rapport', 'som', 'heile', 'landets', 'n√∏detatar', 'brukar', '.', 'Etter', 'lova', 'er', 'det', 'ikkje', 'h√∏ve', 'til', '√•', 'ta', 'imot', 'eller', 'bruka', 'ein', 'slik', 'rapport', 'for', 'innhaldet', 'er', 'kvalitetssikra', 'og', 'offentleggjort', '.']",35.76899696048632
"['Det', 'er', 'heilt', 'mindblowing', 'kva', 'ein', 'kan', 'f√•', 'til', 'om', 'ein', 'ser', 'moglegheitene', '!', '|', 'Vest', 'N√¶ringsr√•d', 'Medlem', 'Om', 'medlemskapet', 'Bli', 'medlem', 'Disse', 'er', 'medlem', 'Se', 'v√•re', 'medlemstilbud', 'Hva', 'koster', 'medlemskapet', '?', 'Gr√ºnderparken', 'Vest', 'Om', 'oss', 'Om', 'Vest', 'N√¶ringsr√•d', 'Skolen', 'og', 'n√¶ringslivet', 'Styret', 'Nyheter', 'Stormfondet', 'Ta', 'kontakt', '06', 'Okt', 'Ringedugnad', 'TV-aksjonen', '19', 'Okt', 'OTD', 'Energy', '11', 'Nov', '√òygardskonferansen', '2022', 'Se', 'alle', 'arrangementer', 'Medlem', 'Om', 'medlemskapet', 'Bli', 'medlem', 'Disse', 'er', 'medlem', 'Se', 'v√•re', 'medlemstilbud']",35.189655172413794
"['Men', 'eg', 'er', 'ikkje', 'van', 'med', 'dette', '.', 'Eg', 'veit', 'ikkje', 'kvifor', '.', 'Eg', 'har', 'gjort', 'avtale', 'med', 'ein', 'kollega', 'om', 'bes√∏k', ',', 'og', 'vi', 'f√•r', 'eit', 'hyggeleg', 'm√∏te', ',', 'b√•de', 'kollegaen', 'og', 'eg.', 'S√•', 'eg', 'har', 'ikkje', 'lyst', 'til', '√•', 'snu', ',', 'men', 'forst√•r', 'jo', 'at', 'det', 'er', 'einaste', 'l√∏ysinga', 'no.', '......', 'Eg', 'finn', 'fram', 'vottar', 'og', 'isskrape', 'som', 'eg', 'har', 'i', 'bilen', ',', 'men', 'det', 'st√•r', 'ikkje', 'noko', 'veske', 'p√•', 'plassen', 'min', ',', 'og', 'eg', 'kan', 'ikkje', 'finna', 'den', 'nokon', 'stad', 'i', 'bilen', '.', 'Eg', 'sp√∏r', 'om', 'nokon', 'har', 'f√•tt', 'is', 'av', 'bilen', 'min.', 'Vetlafr√∏ken', 'rister', 'p√•', 'hovudet', 'og', 'skjeggen', 'seier', 'at', 'han', 'ikkje', 'har', 'sett', 'den', 'store', 'stygge', 'mannen', 'som', 'k√∏yrer']",36.256410256410255
"['Det', 'finst', 'i', 'alle', 'fall', 'fleire', 'veker', 'til', 'med', 'kvalitetstid', 'heime', 'i', 'Vikedal', ',', 'og', 'kanskje', 'end√•', 'lengre', 'neste', '√•r', '.', 'Det', 'er', 'litt', 'trist', '√•', 'tenke', 'p√•', 'for', 'meg', ',', 'men', 'for', 'dei', 'to', 'andre', 'i', 'bokollektivet', 'gjer', 'det', 'lite', '.', 'Dei', 'har', 'allereie', 'reist', 'rundt', 'i', 'heile', 'Europa', 'p√•', 'motorsykkelferie', '‚Äì', 'saman', '-', ',', 'og', 'vurderer', '√•', 'pr√∏ve', 'seg', 'litt', 'i', 'USA', 'neste', 'ferie', '.', 'Det', 'er', 'ikkje', 'lenge', 'sidan', 'eg', 'spurte', 'korleis', 'det', 'hadde', 'vore', '√•', 'vere', 'med', 'til', 'USA', '?', 'Eg', 'tenkte', 'jo', 'stort', 'sett', 'ikkje', 'n√∏dvendigvis', 'p√•', 'veg', ',', 'eller', 'tid', ',', 'eller', 'm√•tar', ',', 'men', 'p√•', 'andre', 'ting', '.', 'Eg', 'sp√∏r', 'berre', ',', 'sj√∏lv', 'har', 'eg', 'jo', 'ikkje', 'tenkt', 'til', '√•', 'reise', 'ut', 'av', 'Sverige', 'nokon', 'gong', ',']",28.18260869565217
"['Nokre', 'kommunar', 'f√•r', 'midlar', 'til', 'fornying', 'og', 'innovasjon', 'gjennom', 'skj√∏nstilskotet', '.', 'Til', 'saman', 'er', 'det', 'ca.', '8', 'millionar', 'kroner', 'som', 'Fylkesmannen', 'skal', 'fordele', 'til', 'fornyings-', 'og', 'innovasjonsprosjekt', 'i', 'kommunane', '.', 'Fornyingskonferansen', 'er', 'ein', 'fin', 'm√∏teplass', 'for', 'kommunar', 'som', 'l√¶re', 'av', 'kvarandre', '.', 'Det', 'er', 'eit', '√∏nskje', 'fr√•', 'Fylkesmannen', 'at', 'nye', 'og', 'gamle', 'prosjekt', 'som', 'f√•r', 'tildelt', 'skj√∏nnsmidlar', 'deltek', 'med', 'presentasjon', 'av', 'sine', 'fornyings-', 'og', 'innovasjonsprosjekt', 'i', 'eigen', 'kommune', 'og', 'med', 'eigen', 'stand', '.', 'Erfaringsutveksling', 'med', 'kollegaer', 'er', 'viktig', '.', 'Fylkesmennene', 'har', 'teke', 'utgangspunkt', 'i', '¬´', 'Retningslinjer', 'for', 'sk']",48.58378378378379
"['P√•', 'eit', 'tidspunkt', 's√•g', 'det', 'stygt', 'ut', 'for', 'den', '30', '√•r', 'gamle', 'keeperen', '.', 'Han', 'vart', 'k√∏yrt', 'til', 'Voss', 'sjukehus', ',', 'men', 'vart', 'kort', 'tid', 'etterp√•', 'skriven', 'ut', 'att.', '-', 'Eg', 'har', 'pr√∏vd', '√•', 'ta', 'det', 'med', 'hum√∏r', ',', 'men', 'det', 'er', 'ikkje', 'lett', '√•', 'handtera', 'slikt', '.', 'Det', 'har', 'blitt', 'ein', 'del', 't√•rer', 'og', 'netter', 'p√•', 'sofaen', ',', 'men', 'det', 'er', 'ein', 'kvar', 'keepers', 'mareritt', ',', 's√•', 'eg', 'trur', 'ikkje', 'eg', 'er', 'den', 'einaste', 'som', 'har', 'vore', 'gjennom', 'det', 'same', ',', 'seier', 'm√•lvakta', 'til', 'Sogn', 'Avis', '.', 'I', 'l√∏pet', 'av', 'kampen', 'fekk', 'han', 'ein', 'spinn', 'mot', 'seg', ',', 'og', 'etter', 'det', 'har', 'hovudet', 'blitt', 'verande', 'numment', '.', '-', 'Det', 'har', 'vore', 'numment', 'sidan', 'eg', 'fekk', 'meg', 'i', 'hovudet', ',', 's√•', 'eg', 'har', 'm√•tte', 'bruka', 'briller', 'og']",38.68298969072165
"['Fredag', 'skreiv', 'Bergens', 'Tidende', 'at', 'regelverket', 'omkring', 'sjukehusval', 'tilsynelatande', 'opnar', 'for', 'at', 'personar', 'som', '√∏nskjer', '√•', 'bli', 'behandla', 'i', 'Helse', 'Fonnas', 'omr√•de', ',', 'fritt', 'kan', 's√∏kje', 'til', 'sjukehus', 'der', ',', 'for', 's√•', '√•', 'overf√∏re', 'opplegget', 'til', 'd√∏me', 'Stord', 'sjukehus', ',', 'og', 'f√•', 'refundert', 'det', 'meste', 'av', 'utgiftene', 'fr√•', 'Haukeland', '.', '-', 'Det', 'er', 'ein', 'f√∏resetnad', 'at', 'behandlinga', 'blir', 'utf√∏rt', 'ved', 'eit', 'sjukehus', 'p√•', 'h√∏gt', 'nok', 'niv√•', '.', 'Har', 'legen', 'rett', 'kompetanse', '?', 'Og', 'er', 'det', 'rimeleg', '√•', 'behandle', 'ein', 'pasient', 'ut', 'fr√•', 'kva', 'som', 'skal', 'skje', '?', 'Pasientar', 'f√•r', 'ikkje', 'dekka', 'alle', 'kostnadene', 'til', 'behandling', 'som', 'dei', 'har', 'funne', 'fram', 'til', 'sj√∏']",48.86392405063291
"['Erkl√¶ring', 'fr√•', 'lege', 'om', 'tilstanden', 'til', 'asyls√∏kjarar', 'blir', 'ikkje', 'rekna', 'som', 'utgift', 'i', 'samband', 'med', 'st√∏nad', 'til', 'livsopphald', 'o.a.', 'fr√•', 'folketrygda', '.', 'Slike', 'utgifter', 'blir', 'ikkje', 'dekte', 'etter', 'folketrygdlova', '¬ß', '5-22', '.', '23.', 'oktober', '2023', 'blei', 'det', 'presisert', 'i', 'rundskriv', 'til', 'folketrygdlova', '¬ß', '5-22', 'at', 'slike', 'utgifter', 'heller', 'ikkje', 'fell', 'inn', 'under', 'unntaksregelen', 'i', 'forskrift', '19.', 'juli', '1993', 'nr.', '4050', 'om', 'st√∏nad', 'til', 'helsetjenester', 'i', 'utlandet', 'mv.', '1.', 'januar', '2024', 'trer', 'ny', 'forskrift', 'om', 'st√∏nad', 'til', 'helsetenester', 'mottatt', 'i', 'eit', 'anna', 'E√ò']",42.08620689655172
"['Nei', 'eg', 'ser', 'ikkje', 'anna', 'enn', 'at', 'det', 'g√•r', 'godt', '√•', 'ta', 'den', 'diskusjonen', 'i', 'sj√∏lve', 'bloggposten', 'eg', ',', 'i', 'staden', 'for', '√•', 'lage', 'ein', 'bloggpost', 'eller', 'ein', 'ny', 'diskusjon', 'for', 'kvart', 'tema', '.', 'Det', 'er', 'berre', '√•', 'halde', 'fram', 'og', 'ikkje', 'gi', 'seg', '.', 'N√•r', 'det', 'er', 'sagt', 's√•', 'var', 'det', 'ein', 'del', 'argument', 'som', 'ikkje', 'fekk', 'plass', 'i', 'den', 'f√∏rste', 'posten', 'som', 'var', 'fr√•', 'min', 'side', 'viktige', '√•', 'f√•', 'fram', '.', 'S√•', 'f√•r', 'vi', 'sj√•', 'korleis', 'det', 'utviklar', 'seg', 'etterkvart', '.', 'üòâ', '‚ò∫', 'üòÄ', 'üòÄ', 'üòõ', 'üòÜ', 'üòÜ', 'üòÜ', 'N√•r', 'det', 'er', 'sagt', 's√•', 'har', 'eg', 'jo', 'f√•tt', 'mange', 'innspill', 'i', 'forhold', 'til', 'tekst', 'og', 'innhald', 'i', 'det', 'eg', 'skriv', ',', 'og', 'eg', 'vil', 'sj√∏lvsagt', 'framleis', 'fortsette', 'med', 'det', '.', 'For', 'til', 'meir', 'ein', 'ser', 'den']",35.418691588785045
"['Eg', 'pr√∏vde', '√•', 'snu', 'hingsten', 'mot', 'd√∏ra', ',', 'men', 'det', 'var', 'ikkje', 'muleg', '.', 'Det', 'var', 'ikkje', 'nokon', 'veg', 'forbi', ',', 's√•', 'eg', 'sette', 'hovudet', 'mot', 'bringa', 'til', 'hesten', ':', '‚Äù', '.', 'No', 'er', 'det', 'g√•tt', 'nokre', 'veker', 'sidan', 'den', 'fatale', 'hendinga', 'p√•', 'Sotra', ',', 'og', 'familien', 'er', 'byrja', '√•', 'verte', 'vand', 'til', 'den', '‚Äú', 'nye', '‚Äù', 'kvardagen', '.', 'Mange', 'ting', 'vert', 'aldri', 'dei', 'same', ',', 'og', 'det', 'som', 'f√∏r', 'var', 'hobby', 'og', 'fritid', ',', 'har', 'familien', 'no', 'ikkje', 'lenger', 'tid', 'til', '.', '‚Äì', 'Morgnane', 'vert', 'n√•', 'berre', 'ein', 'kamp', 'for', '√•', 'pr√∏ve', '√•', 'f√•', 'dyra', 'inn', 'p√•', 'hengaren', 'for', '√•', 'f√•', 'dei', 'til', 'dyrlegen', '.', 'Vi', 'dreg', 'heile', 'tida', 'til', 'Sotra', 'for', '√•', 'sj√•', 'til', 'dyra', ',', 'og', 'det', 'er', 'ikkje', 'mogleg', '√•', 'sj√•', 'om', 'det']",28.18260869565217
"['Sj√∏lv', 'om', 'kvantitative', 'data', 'manglar', ',', 'var', '2016', 'eit', 'heller', 'd√•rleg', '√•r', 'for', 'dei', 'som', 'vil', 'ha', 'meir', 'bokm√•l', 'inn', 'i', 'nynorsken', '.', 'Eg', 'nemner', 'eit', 'par', 'd√∏me', '.', 'I', '2015', 'kom', 'rapporten', '¬´', 'Dei', 'store', 'linjene', 'i', 'spr√•kutviklinga', '¬ª', ',', 'der', 'to', 'av', 'konklusjonane', 'er', 'at', 'bokm√•lsn√¶r', 'spr√•kf√∏ring', 'i', 'nynorsktekstar', 'er', 'dominerande', '(', '59', 'prosent', ')', 'og', 'at', 'det', 'ikkje', 'er', 'nokon', 'skilnad', 'i', 'spr√•kf√∏ringa', 'p√•', 'Facebook', 'og', 'Twitter', 'f√∏r', 'og', 'etter', '1.', 'juli', '2014', '.', 'Sj√∏lv', 'om', 'vi', 'i', 'Spr√•kr√•det', 'ikkje', 'legg', 'vekt', 'p√•', 'tal', ',', 'hadde', 'vi', 'vona', 'at', 'det', 'var', 'fleire', 'nynorskbrukarar', 'p√•', 'Facebook', '.', 'I', '201']",43.59090909090909
"['Her', 'kjem', 'eg', 'til', '√•', 'leggje', 'ut', 'litt', 'av', 'kvart', 'etter', 'kvart', 'som', 'eg', 'arbeider', 'meg', 'i', 'gjennom', 'det', '.', 'Legg', 'meg', 'gjerne', 'til', 'som', 'ven', 'og', 'gled', 'med', 'til', '√•', 'sj√•', 'kva', 'for', 'neste', 'funn', 'eg', 'gjer', 'p√•', 'desse', 'lysbileta', '.', '\ufeff', 'Eg', 'var', 'litt', 'i', 'tvil', 'om', 'eg', 'skulle', 'leggje', 'ut', 'desse', 'bileta', ',', 'men', 'etter', 'ei', 'tid', 'har', 'eg', 'kome', 'til', 'at', 'det', 'ville', 'vere', 'gale', 'ikkje', '√•', 'gjere', 'det', '.', 'Det', 'kan', 'vere', 'at', 'nokre', 'av', 'dei', 'vil', 'vere', 'nyttige', '√•', 'ha', 'for', 'folk', 'som', 'vil', 'gjere', 'ei', 'oppg√•ve', 'fr√•', 'Sogndal', 'vid', '.', 'skule', '.', 'Andre', 'kan', 'vere', 'greie', '√•', 'ha', 'til', 'eige', 'bruk', 'og', 'for', 'dei', 'som', 'veks', 'opp', 'no.', 'Sidene', 'med', 'bilete', 'fr√•', 'Sogndal', 'er', 'laga', 'for', '4', '√•r', 'sidan', ',', 'og', 'kan', 'ver']",24.92173913043478
"['Saulus', 'hadde', 'l√¶rt', 'om', 'dette', 'som', 'var', 'en', 'del', 'av', 'den', 'kunnskapen', 'han', 'hadde', 'f√∏r', 'han', 'ble', 'kristen', ',', 'men', 'n√•', ',', 'etter', 'omvendelsen', ',', 'ble', 'det', 'klart', 'for', 'ham', 'at', 'Messias', 'var', 'den', 'nye', 'pakten', 'som', 'ble', 'stadfestet', 'i', 'Jesu', 'Kristi', 'd√∏d', 'og', 'oppstandelse', '.', 'S√•', 'han', 'fikk', 'hundre', 'prosent', 'belegg', 'for', 'det', 'han', 'hadde', 'l√¶rt', 'av', 'den', 'fariseiske', 'rabbineren', 'Gamaliel', '.', 'Dette', 'gjorde', 'inntrykk', 'p√•', 'oss', 'fordi', 'vi', 'har', 'kjempet', 'mot', 'slik', 'forkynnelse', 'i', 'lang', 'tid', '.', 'Menigheten', 'som', 'i', 'dag', 'skjuler', 'sannheten', 'i', 'Kristus', ',', 'har', 'en', 'helt', 'annen', 'agenda', '.', 'De', '√∏nsker', 'ikke', '√•', 'spre', 'sannhet', 'men', 'usannhet', '.', 'De', 'er', 'forledet', 'av', 'falsk', 'l√¶re', 'og', 'lar', 'seg', 'bruke', 'til', '√•', 'dra']",39.01276595744681
"['Tomas', 'gjekk', 'ein', 'varm', 'sumardag', 'aat', 'st√∏ylsbui', ',', 'tok', 'fram', 's√∏vkjeppen', 'og', 'sette', 'heilagbilete', 'i', 'ein', 'sprunge', 'i', 'fj√∏lveggen', ',', 'det', 'hadde', 'han', 'gjort', 'nokre', 'gonger', ',', 'og', 'hevja', 'voks', 'paa', 'tavla', 'og', 'kveikte', 'eit', 'ljos', ',', 'sette', 'det', 'ogso', 'ein', 'gong', 'til', 'der', 'i', 'spuronga', '.', 'Han', 'skalv', 'paa', 'hand', ',', 'og', 'kunde', 'lite', 'gjera', '.', 'Han', 'kom', 'i', 'hug', 'ei', 'segn', 'um', 'ein', 'prest', 'som', 'hadde', 'gjort', 'den', 'same', 'syndi', ',', 'og', 'som', 'vart', 'sjuk', ',', 'og', 'som', 'sotti', 'slapp', 'ifraa', ',', 'men', 'livet', 'hans', 'slokna', ',', 'han', 'vart', 'so', 'sterk', 'forarga', 'paa', 'seg', 'sj√∏lv', 'og', 'gjekk', 'ned', 'att', 'og', 'gjorde', 'det', 'endaa', 'verre', ',', 'daa', 'gjorde', 'Gud', 'eit', 'under', ',', 'sloktely']",41.0
"['Borte', 'p√•', 'Vindheim', 'hadde', 'folkene', 'alt', 'f√•tt', '√∏ye', 'p√•', 'dem', 'som', 'n√¶rmet', 'seg', '.', '-', 'Kjenner', 'du', 'noen', 'andre', 'som', 'er', 'ute', 'kj√∏rer', ',', 'hadde', 'de', 'sagt', 'da', 'de', 'stod', 'og', 's√•', 'utover', 'vatnet', 'som', 'l√•', 'der', 'nattestille', '.', '-', 'En', 'kjerringb√•t', ',', 'hadde', 'han', 'Lars', 'svart', ',', 'men', 'da', 'det', 'kom', 'flere', 'av', 'ungdommene', ',', 'ble', 'svaret', ':', '-', 'Ja', ',', 'han', 'er', 'det', 'visst', '.', 'Ola', 'Vindheim', 'var', 's√•', 'godt', 'kjent', 'i', 'bygda', ',', 'hadde', 's√•', 'ofte', 'v√¶rt', 'i', 's√∏ndre', 'bygda', 'i', '√¶rend', 'for', 'folket', 'sitt', ',', 'at', 'det', 'var', 'klart', 'de', 'ventet', '√•', 'treffe', 'han', '.', 'Og', 'n√•', 'skulle', 'de', 'ha', 'kommet', 'til', 'g√•rds', ',', 'og', 's√•', 'ble', 'det', 'bare', 'en', 'liten', 'skarve', 'b√•t', 'full', 'av', 'kvinnfolk', '!', '-', 'Ja', ',', 'de', 'kan', 'iall']",28.61904761904762
"['Eit', 'anna', 'vilk√•r', 'som', 'ligg', 'til', 'grunn', 'i', 'ein', 'kontrakt', 'med', 'forbod', ',', 'er', 'at', 'du', 'som', 'kj√∏per', 'ikkje', 'eit', 'visst', 'tidsrom', ',', 'normalt', '30', 'dagar', ',', 'kan', 'heve', 'avtalen', 'og', 'krevje', 'erstatning', 'for', 'tapet', 'du', 'har', 'hatt', 'eller', 'for', 'neddiskonterte', 'framtidige', 'tap', '.', 'For', 'at', 'du', 'i', 'det', 'heile', 'skal', 'kunne', 'ha', 'eit', 'slikt', 'krav', ',', 'm√•', 'det', 'vere', 'klart', 'at', 'avtalen', 'er', 'sterkt', 'urimeleg', 'fordi', 'det', 'er', 'stor', 'skeivskap', 'i', 'partanes', 'ytingar', '.', '√íg', 'etter', 'avtaleloven', '¬ß', '36', 'skal', 'det', 'ein', 'god', 'del', 'til', 'for', 'at', 'ei', 'avtala', 'skal', 'reknast', 'som', 'ugyldig', '.', '√ònskjer', 'du', 'likevel', '√•', 'avbestille', 'til', 'trass', 'for', 'forbodet', 'mot', 'avbestilling', ',', 'b√∏r', 'du', 'teikne', 'ein', 'tapsavgrens']",46.241379310344826
"['Det', 'hadde', 'rent', 's√•', 'vondt', 'i', 'magen', 'min', 'hele', 'dagen', '.', 'Jeg', 'visste', 'ikke', 'hvorfor', ',', 'eller', 'hva', 'jeg', 'skulle', 'gj√∏re', 'med', 'det', '.', 'Jeg', 'sa', 'det', 'ikke', 'til', 'noen', ',', 'men', 'alle', 'kunne', 'se', 'det', '.', 'Jeg', 'vet', 'ikke', 'hvorfor', 'jeg', 'hadde', 'det', 's√•nn', '.', 'Kanskje', 'var', 'det', 'fordi', 'faren', 'min', 'sluttet', '√•', 'bake', 'til', 'meg', 'med', 'en', 'gang', 'jeg', 'hadde', 'brukt', 'tiden', 'min', 'p√•', 'en', 'gutt', '?', 'Fordi', 'jeg', 'sluttet', '√•', 'pynte', 'kakene', 'med', 'bokstavene', 'han', 'hadde', 'skrevet', 'til', 'meg', '?', 'Noen', 'ganger', 'vet', 'jeg', 'ikke', 'hva', 'jeg', 'skal', 'gj√∏re', 'for', '√•', 'finne', 'meg', 'selv', 'igjen', '.', 'Jeg', 'har', 's√•', 'veldig', 'mye', 'i', 'hjertet', 'mitt', 'som', 'jeg', 'ikke', 'f√•r', 'opp', '.', 'Men', 'i', 'kveld', ',', 'den', '12.', 'april', '2015', ',', 'vet', 'j']",20.641990291262136
"['Ja', 'spring', 'etter', 'doktaren', 'sa', 'ho', ',', 'men', 'gjer', 'det', 'no', 'med', 'ein', 'gong', '.', 'Eg', 'kjenner', 'meg', 'som', 'eg', 'skulde', 'ha', 'sprunge', 'maraton', 'p√•', 'ein', 'd√•rleg', 'dag', '.', 'Ho', 'ringde', 'og', 'fekk', 'tak', 'i', 'doktaren', ',', 'det', 'var', 'den', 'nye', 'som', 'hadde', 'teke', 'over', 'roret', '.', 'Eg', 'stakk', 'bort', 'til', 'han', 'i', 'l√∏pet', 'av', 'dagen', 'for', '√•', 'h√∏yre', 'litt', 'n√¶rare', 'kva', 'det', 'var', ',', 'men', 'eg', 'vart', 'ganske', 'raskt', 'slappare', 'og', 'slappare', ',', 'og', 'han', 'm√•lte', 'blodtrykket', '(', 'noko', 'han', 'hadde', 'spurt', 'om', 'fleire', 'gonger', 'i', 'telefonen', ')', '.', 'Deretter', 'vart', 'eg', 'lagt', 'inn', 'til', 'observasjon', 'over', 'natta', '.', 'Den', 'nye', 'fastlegen', 'min', 'kom', 'p√•', 'sjukebes√∏k', 'for', '√•', 'sjekke', 'meg', 'litt', 'betre', 'p√•', 'sjukehuset', '.', 'Han', 'fann', 'ut', 'at', 'pulsen', 'vart', 'for', 'l√•g']",30.794871794871796
"['I', 'det', '√•ret', 'som', 'var', 'i', 'ferd', 'med', '√•', 'ebbe', 'ut', ',', 'oppdaga', 'vi', 'at', 'den', 'norske', 'b√∏lgen', 'av', 'nye', 'forfattarar', 'ikkje', 'let', 'seg', 'stoppe', 'av', 'pandemien', 'som', 'f√∏rde', 'til', 'at', 'alt', 'm√•tte', 'stengje', '.', 'Den', 'kom', 'faktisk', 'til', '√•', 'forsterke', 'seg', 'b√•de', 'i', 'tal', 'og', 'kvalitet', '.', 'Det', 'skal', 'vi', 'merke', 'n√•r', 'vi', 'kjem', 'for', 'fullt', 'i', '2021.', '2018', 'skal', 'ikkje', 'bli', 'st√•ande', 'att', 'som', 'eit', 'tilfeldig', '√•r', 'i', 'norsk', 'litteratur', '.', 'Dette', 'har', '√•', 'gjere', 'med', 'at', 'vi', 'som', 'driv', 'Forfattersentrum', ',', 'm√∏ter', 'og', 'ser', 'litteraturen', 'og', 'forfattarane', 'i', 'eit', 'anna', 'lys', '.', 'Vi', 'har', 'm√∏tt', 'mange', '.', 'Det', 'er', 'sterke', 'og', 'fagleg', 'solide', 'forfattarar', 'som', 'er', 'med', 'p√•', '√•', 'skrive', 'seg', 'inn']",32.578494623655914
"['S√•', 'strauk', 'Per', 'bort', 'i', 'veggen', ',', 'men', 'han', 'var', 'ikkje', 'meir', 'enn', 'ferdig', 'til', '√•', 'fara', 'etter', 'den', 'f√∏rste', ',', 's√•', 'm√∏tte', 'han', 'ein', 'til', '.', '‚Äì', 'N√•', 'kjem', 'du', 'ikkje', 'lenger', ',', 'og', 'ikkje', 'du', 'heller', ',', 'sa', 'Per', 'og', 'strauk', 'til', '√•', 'sl√•', ',', 'rett', 'nok', 'ikkje', 's√•', 'hardt', '.', 'For', 'med', 'ein', 'gong', 'han', 'slo', ',', 'sette', 'han', 'h√¶len', 'sin', 'i', 'golve', ',', 'og', 's√•', 'stod', 'han', 'der', 's√•', 'st√∏', 'som', 'ein', 'stolpe', '.', 'S√•', 'stod', 'han', 'ei', 'stund', 'og', 'h√∏rte', 'koss', 'det', 'klirra', 'og', 'skrangla', 'borti', 'veggen', 'f√∏r', 'det', 'vart', 'stilt', ',', 'og', 'koss', 'lydane', 'rann', 'bortover', 'i', 'lause', 'lufta', '.', 'S√•', 'snudde', 'han', 'seg', 'fint', 'til', 'den', 'tredje', 'som', 'l√•g', 'p√•', 'kne', 'framfor', 'han', '.', '‚Äì', 'N√•', 'kan', 'du', 'skubba']",24.203738317757008
